name	formula	smiles	inchi	inchikey	exactmass	adduct	mz
GPNAE(15:1(9Z)(14Me))	C21H42NO7P	CC(C)CCC\C=C/CCCCCCCC(=O)NCCOP(O)(=O)OCC(O)CO	InChI=1/C21H42NO7P/c1-19(2)13-11-9-7-5-3-4-6-8-10-12-14-21(25)22-15-16-28-30(26,27)29-18-20(24)17-23/h5,7,19-20,23-24H,3-4,6,8-18H2,1-2H3,(H,22,25)(H,26,27)/b7-5-	InChIKey=UPWBOHGVBQZUKG-ALCCZGGFNA-N	451.269889694	[M+H]+	452.277165694
GPNAE(13:0(12Me))	C19H40NO7P	CC(C)CCCCCCCCCCC(=O)NCCOP(O)(=O)OCC(O)CO	InChI=1/C19H40NO7P/c1-17(2)11-9-7-5-3-4-6-8-10-12-19(23)20-13-14-26-28(24,25)27-16-18(22)15-21/h17-18,21-22H,3-16H2,1-2H3,(H,20,23)(H,24,25)	InChIKey=DCJMQIMZITWTST-UHFFFAOYNA-N	425.25423963	[M+H]+	426.26151562999996
GPNAE(15:0(14Me))	C21H44NO7P	CC(C)CCCCCCCCCCCCC(=O)NCCOP(O)(=O)OCC(O)CO	InChI=1/C21H44NO7P/c1-19(2)13-11-9-7-5-3-4-6-8-10-12-14-21(25)22-15-16-28-30(26,27)29-18-20(24)17-23/h19-20,23-24H,3-18H2,1-2H3,(H,22,25)(H,26,27)	InChIKey=SKLPJALQJJRHPS-UHFFFAOYNA-N	453.285539759	[M+H]+	454.292815759
GPNAE(17:0(16Me))	C23H48NO7P	CC(C)CCCCCCCCCCCCCCC(=O)NCCOP(O)(=O)OCC(O)CO	InChI=1/C23H48NO7P/c1-21(2)15-13-11-9-7-5-3-4-6-8-10-12-14-16-23(27)24-17-18-30-32(28,29)31-20-22(26)19-25/h21-22,25-26H,3-20H2,1-2H3,(H,24,27)(H,28,29)	InChIKey=VHZWJLDBKPVSHH-UHFFFAOYNA-N	481.316839888	[M+H]+	482.324115888
GPNAE(19:0(18Me))	C25H52NO7P	CC(C)CCCCCCCCCCCCCCCCC(=O)NCCOP(O)(=O)OCC(O)CO	InChI=1/C25H52NO7P/c1-23(2)17-15-13-11-9-7-5-3-4-6-8-10-12-14-16-18-25(29)26-19-20-32-34(30,31)33-22-24(28)21-27/h23-24,27-28H,3-22H2,1-2H3,(H,26,29)(H,30,31)	InChIKey=YJRUGNXBQWMYPI-UHFFFAOYNA-N	509.348140016	[M+H]+	510.355416016
GPNAE(21:0(20Me))	C27H56NO7P	CC(C)CCCCCCCCCCCCCCCCCCC(=O)NCCOP(O)(=O)OCC(O)CO	InChI=1/C27H56NO7P/c1-25(2)19-17-15-13-11-9-7-5-3-4-6-8-10-12-14-16-18-20-27(31)28-21-22-34-36(32,33)35-24-26(30)23-29/h25-26,29-30H,3-24H2,1-2H3,(H,28,31)(H,32,33)	InChIKey=AGUGWZRQELQGLH-UHFFFAOYNA-N	537.379440145	[M+H]+	538.386716145
GPNAE(23:0(22Me))	C29H60NO7P	CC(C)CCCCCCCCCCCCCCCCCCCCC(=O)NCCOP(O)(=O)OCC(O)CO	InChI=1/C29H60NO7P/c1-27(2)21-19-17-15-13-11-9-7-5-3-4-6-8-10-12-14-16-18-20-22-29(33)30-23-24-36-38(34,35)37-26-28(32)25-31/h27-28,31-32H,3-26H2,1-2H3,(H,30,33)(H,34,35)	InChIKey=MVQDIQWKHOYVQF-UHFFFAOYNA-N	565.410740274	[M+H]+	566.418016274
GPNAE(25:0(24Me))	C31H64NO7P	CC(C)CCCCCCCCCCCCCCCCCCCCCCC(=O)NCCOP(O)(=O)OCC(O)CO	InChI=1/C31H64NO7P/c1-29(2)23-21-19-17-15-13-11-9-7-5-3-4-6-8-10-12-14-16-18-20-22-24-31(35)32-25-26-38-40(36,37)39-28-30(34)27-33/h29-30,33-34H,3-28H2,1-2H3,(H,32,35)(H,36,37)	InChIKey=OJHUORXDFWKTHX-UHFFFAOYNA-N	593.442040403	[M+H]+	594.449316403
GPNAE(27:0(26Me))	C33H68NO7P	CC(C)CCCCCCCCCCCCCCCCCCCCCCCCC(=O)NCCOP(O)(=O)OCC(O)CO	InChI=1/C33H68NO7P/c1-31(2)25-23-21-19-17-15-13-11-9-7-5-3-4-6-8-10-12-14-16-18-20-22-24-26-33(37)34-27-28-40-42(38,39)41-30-32(36)29-35/h31-32,35-36H,3-30H2,1-2H3,(H,34,37)(H,38,39)	InChIKey=INOLZCUQQUPALC-UHFFFAOYNA-N	621.473340532	[M+H]+	622.480616532
GPNAE(29:0(28Me))	C35H72NO7P	CC(C)CCCCCCCCCCCCCCCCCCCCCCCCCCC(=O)NCCOP(O)(=O)OCC(O)CO	InChI=1/C35H72NO7P/c1-33(2)27-25-23-21-19-17-15-13-11-9-7-5-3-4-6-8-10-12-14-16-18-20-22-24-26-28-35(39)36-29-30-42-44(40,41)43-32-34(38)31-37/h33-34,37-38H,3-32H2,1-2H3,(H,36,39)(H,40,41)	InChIKey=QXBOCALIRPPNNM-UHFFFAOYNA-N	649.50464066	[M+H]+	650.51191666
GPNAE(16:1(11Z))	C21H42NO7P	CCCC\C=C/CCCCCCCCCC(=O)NCCOP(O)(=O)OCC(O)CO	InChI=1/C21H42NO7P/c1-2-3-4-5-6-7-8-9-10-11-12-13-14-15-21(25)22-16-17-28-30(26,27)29-19-20(24)18-23/h5-6,20,23-24H,2-4,7-19H2,1H3,(H,22,25)(H,26,27)/b6-5-	InChIKey=RLDQIPZUSWIIQA-WAYWQWQTNA-N	451.269889694	[M+H]+	452.277165694
GPNAE(16:1(9Z))	C21H42NO7P	CCCCCC\C=C/CCCCCCCC(=O)NCCOP(O)(=O)OCC(O)CO	InChI=1/C21H42NO7P/c1-2-3-4-5-6-7-8-9-10-11-12-13-14-15-21(25)22-16-17-28-30(26,27)29-19-20(24)18-23/h7-8,20,23-24H,2-6,9-19H2,1H3,(H,22,25)(H,26,27)/b8-7-	InChIKey=JKTFQYRQACNUCF-FPLPWBNLNA-N	451.269889694	[M+H]+	452.277165694
GPNAE(18:1(11Z))	C23H46NO7P	CCCCCC\C=C/CCCCCCCCCC(=O)NCCOP(O)(=O)OCC(O)CO	InChI=1/C23H46NO7P/c1-2-3-4-5-6-7-8-9-10-11-12-13-14-15-16-17-23(27)24-18-19-30-32(28,29)31-21-22(26)20-25/h7-8,22,25-26H,2-6,9-21H2,1H3,(H,24,27)(H,28,29)/b8-7-	InChIKey=QMXYMKICERNRMO-FPLPWBNLNA-N	479.301189823	[M+H]+	480.308465823
GPNAE(18:1(13Z))	C23H46NO7P	CCCC\C=C/CCCCCCCCCCCC(=O)NCCOP(O)(=O)OCC(O)CO	InChI=1/C23H46NO7P/c1-2-3-4-5-6-7-8-9-10-11-12-13-14-15-16-17-23(27)24-18-19-30-32(28,29)31-21-22(26)20-25/h5-6,22,25-26H,2-4,7-21H2,1H3,(H,24,27)(H,28,29)/b6-5-	InChIKey=IQFRQUCFFATEJB-WAYWQWQTNA-N	479.301189823	[M+H]+	480.308465823
GPNAE(18:1(9Z))	C23H46NO7P	CCCCCCCC\C=C/CCCCCCCC(=O)NCCOP(O)(=O)OCC(O)CO	InChI=1/C23H46NO7P/c1-2-3-4-5-6-7-8-9-10-11-12-13-14-15-16-17-23(27)24-18-19-30-32(28,29)31-21-22(26)20-25/h9-10,22,25-26H,2-8,11-21H2,1H3,(H,24,27)(H,28,29)/b10-9-	InChIKey=VBNXVCGZJCGEKO-KTKRTIGZNA-N	479.301189823	[M+H]+	480.308465823
GPNAE(20:1(11Z))	C25H50NO7P	CCCCCCCC\C=C/CCCCCCCCCC(=O)NCCOP(O)(=O)OCC(O)CO	InChI=1/C25H50NO7P/c1-2-3-4-5-6-7-8-9-10-11-12-13-14-15-16-17-18-19-25(29)26-20-21-32-34(30,31)33-23-24(28)22-27/h9-10,24,27-28H,2-8,11-23H2,1H3,(H,26,29)(H,30,31)/b10-9-	InChIKey=DBHZABPLQFJSGM-KTKRTIGZNA-N	507.332489952	[M+H]+	508.339765952
GPNAE(20:1(13Z))	C25H50NO7P	CCCCCC\C=C/CCCCCCCCCCCC(=O)NCCOP(O)(=O)OCC(O)CO	InChI=1/C25H50NO7P/c1-2-3-4-5-6-7-8-9-10-11-12-13-14-15-16-17-18-19-25(29)26-20-21-32-34(30,31)33-23-24(28)22-27/h7-8,24,27-28H,2-6,9-23H2,1H3,(H,26,29)(H,30,31)/b8-7-	InChIKey=GDZDYDKULLNDKB-FPLPWBNLNA-N	507.332489952	[M+H]+	508.339765952
GPNAE(20:1(9Z))	C25H50NO7P	CCCCCCCCCC\C=C/CCCCCCCC(=O)NCCOP(O)(=O)OCC(O)CO	InChI=1/C25H50NO7P/c1-2-3-4-5-6-7-8-9-10-11-12-13-14-15-16-17-18-19-25(29)26-20-21-32-34(30,31)33-23-24(28)22-27/h11-12,24,27-28H,2-10,13-23H2,1H3,(H,26,29)(H,30,31)/b12-11-	InChIKey=ZSHFXARWOYOFBL-QXMHVHEDNA-N	507.332489952	[M+H]+	508.339765952
GPNAE(18:2(9Z,12Z))	C23H44NO7P	CCCCC\C=C/C\C=C/CCCCCCCC(=O)NCCOP(O)(=O)OCC(O)CO	InChI=1/C23H44NO7P/c1-2-3-4-5-6-7-8-9-10-11-12-13-14-15-16-17-23(27)24-18-19-30-32(28,29)31-21-22(26)20-25/h6-7,9-10,22,25-26H,2-5,8,11-21H2,1H3,(H,24,27)(H,28,29)/b7-6-,10-9-	InChIKey=SIFXNALWQVODIM-HZJYTTRNNA-N	477.285539759	[M+H]+	478.292815759
GPNAE(18:3(6Z,9Z,12Z))	C23H42NO7P	CCCCC\C=C/C\C=C/C\C=C/CCCCC(=O)NCCOP(O)(=O)OCC(O)CO	InChI=1/C23H42NO7P/c1-2-3-4-5-6-7-8-9-10-11-12-13-14-15-16-17-23(27)24-18-19-30-32(28,29)31-21-22(26)20-25/h6-7,9-10,12-13,22,25-26H,2-5,8,11,14-21H2,1H3,(H,24,27)(H,28,29)/b7-6-,10-9-,13-12-	InChIKey=IWBXGDGROPBXTJ-QNEBEIHSNA-N	475.269889694	[M+H]+	476.277165694
GPNAE(18:3(9Z,12Z,15Z))	C23H42NO7P	CC\C=C/C\C=C/C\C=C/CCCCCCCC(=O)NCCOP(O)(=O)OCC(O)CO	InChI=1/C23H42NO7P/c1-2-3-4-5-6-7-8-9-10-11-12-13-14-15-16-17-23(27)24-18-19-30-32(28,29)31-21-22(26)20-25/h3-4,6-7,9-10,22,25-26H,2,5,8,11-21H2,1H3,(H,24,27)(H,28,29)/b4-3-,7-6-,10-9-	InChIKey=SOILCOXWINIREG-PDBXOOCHNA-N	475.269889694	[M+H]+	476.277165694
GPNAE(18:4(6Z,9Z,12Z,15Z))	C23H40NO7P	CC\C=C/C\C=C/C\C=C/C\C=C/CCCCC(=O)NCCOP(O)(=O)OCC(O)CO	InChI=1/C23H40NO7P/c1-2-3-4-5-6-7-8-9-10-11-12-13-14-15-16-17-23(27)24-18-19-30-32(28,29)31-21-22(26)20-25/h3-4,6-7,9-10,12-13,22,25-26H,2,5,8,11,14-21H2,1H3,(H,24,27)(H,28,29)/b4-3-,7-6-,10-9-,13-12-	InChIKey=GHTFUKPIYRADOL-LTKCOYKYNA-N	473.25423963	[M+H]+	474.26151562999996
GPNAE(20:2(11Z,14Z))	C25H48NO7P	CCCCC\C=C/C\C=C/CCCCCCCCCC(=O)NCCOP(O)(=O)OCC(O)CO	InChI=1/C25H48NO7P/c1-2-3-4-5-6-7-8-9-10-11-12-13-14-15-16-17-18-19-25(29)26-20-21-32-34(30,31)33-23-24(28)22-27/h6-7,9-10,24,27-28H,2-5,8,11-23H2,1H3,(H,26,29)(H,30,31)/b7-6-,10-9-	InChIKey=OIRMJTCCJWUGBL-HZJYTTRNNA-N	505.316839888	[M+H]+	506.324115888
GPNAE(20:3(8Z,11Z,14Z))	C25H46NO7P	CCCCC\C=C/C\C=C/C\C=C/CCCCCCC(=O)NCCOP(O)(=O)OCC(O)CO	InChI=1/C25H46NO7P/c1-2-3-4-5-6-7-8-9-10-11-12-13-14-15-16-17-18-19-25(29)26-20-21-32-34(30,31)33-23-24(28)22-27/h6-7,9-10,12-13,24,27-28H,2-5,8,11,14-23H2,1H3,(H,26,29)(H,30,31)/b7-6-,10-9-,13-12-	InChIKey=OWMHTIVVPUOIAF-QNEBEIHSNA-N	503.301189823	[M+H]+	504.308465823
GPNAE(20:4(5Z,8Z,11Z,14Z))	C25H44NO7P	CCCCC\C=C/C\C=C/C\C=C/C\C=C/CCCC(=O)NCCOP(O)(=O)OCC(O)CO	InChI=1/C25H44NO7P/c1-2-3-4-5-6-7-8-9-10-11-12-13-14-15-16-17-18-19-25(29)26-20-21-32-34(30,31)33-23-24(28)22-27/h6-7,9-10,12-13,15-16,24,27-28H,2-5,8,11,14,17-23H2,1H3,(H,26,29)(H,30,31)/b7-6-,10-9-,13-12-,16-15-	InChIKey=PAGKVQGBMADPCS-DOFZRALJNA-N	501.285539759	[M+H]+	502.292815759
GPNAE(20:4(8Z,11Z,14Z,17Z))	C25H44NO7P	CC\C=C/C\C=C/C\C=C/C\C=C/CCCCCCC(=O)NCCOP(O)(=O)OCC(O)CO	InChI=1/C25H44NO7P/c1-2-3-4-5-6-7-8-9-10-11-12-13-14-15-16-17-18-19-25(29)26-20-21-32-34(30,31)33-23-24(28)22-27/h3-4,6-7,9-10,12-13,24,27-28H,2,5,8,11,14-23H2,1H3,(H,26,29)(H,30,31)/b4-3-,7-6-,10-9-,13-12-	InChIKey=ADVKTGLNQRJEOV-LTKCOYKYNA-N	501.285539759	[M+H]+	502.292815759
GPNAE(20:5(5Z,8Z,11Z,14Z,17Z))	C25H42NO7P	CC\C=C/C\C=C/C\C=C/C\C=C/C\C=C/CCCC(=O)NCCOP(O)(=O)OCC(O)CO	InChI=1/C25H42NO7P/c1-2-3-4-5-6-7-8-9-10-11-12-13-14-15-16-17-18-19-25(29)26-20-21-32-34(30,31)33-23-24(28)22-27/h3-4,6-7,9-10,12-13,15-16,24,27-28H,2,5,8,11,14,17-23H2,1H3,(H,26,29)(H,30,31)/b4-3-,7-6-,10-9-,13-12-,16-15-	InChIKey=ADEMPYKRVUNSKG-JLNKQSITNA-N	499.269889694	[M+H]+	500.277165694
GPNAE(12:0)	C17H36NO7P	CCCCCCCCCCCC(=O)NCCOP(O)(=O)OCC(O)CO	InChI=1/C17H36NO7P/c1-2-3-4-5-6-7-8-9-10-11-17(21)18-12-13-24-26(22,23)25-15-16(20)14-19/h16,19-20H,2-15H2,1H3,(H,18,21)(H,22,23)	InChIKey=VXJLPEIEOIEASK-UHFFFAOYNA-N	397.222939501	[M+H]+	398.230215501
GPNAE(14:0)	C19H40NO7P	CCCCCCCCCCCCCC(=O)NCCOP(O)(=O)OCC(O)CO	InChI=1/C19H40NO7P/c1-2-3-4-5-6-7-8-9-10-11-12-13-19(23)20-14-15-26-28(24,25)27-17-18(22)16-21/h18,21-22H,2-17H2,1H3,(H,20,23)(H,24,25)	InChIKey=JNVSXQHBLCRTDY-UHFFFAOYNA-N	425.25423963	[M+H]+	426.26151562999996
GPNAE(16:0)	C21H44NO7P	CCCCCCCCCCCCCCCC(=O)NCCOP(O)(=O)OCC(O)CO	InChI=1/C21H44NO7P/c1-2-3-4-5-6-7-8-9-10-11-12-13-14-15-21(25)22-16-17-28-30(26,27)29-19-20(24)18-23/h20,23-24H,2-19H2,1H3,(H,22,25)(H,26,27)	InChIKey=FIXMIXZULLAMCB-UHFFFAOYNA-N	453.285539759	[M+H]+	454.292815759
GPNAE(18:0)	C23H48NO7P	CCCCCCCCCCCCCCCCCC(=O)NCCOP(O)(=O)OCC(O)CO	InChI=1/C23H48NO7P/c1-2-3-4-5-6-7-8-9-10-11-12-13-14-15-16-17-23(27)24-18-19-30-32(28,29)31-21-22(26)20-25/h22,25-26H,2-21H2,1H3,(H,24,27)(H,28,29)	InChIKey=GWPSWVKRTQYSAW-UHFFFAOYNA-N	481.316839888	[M+H]+	482.324115888
GPNAE(20:0)	C25H52NO7P	CCCCCCCCCCCCCCCCCCCC(=O)NCCOP(O)(=O)OCC(O)CO	InChI=1/C25H52NO7P/c1-2-3-4-5-6-7-8-9-10-11-12-13-14-15-16-17-18-19-25(29)26-20-21-32-34(30,31)33-23-24(28)22-27/h24,27-28H,2-23H2,1H3,(H,26,29)(H,30,31)	InChIKey=PWCYQOOJUCZCAO-UHFFFAOYNA-N	509.348140016	[M+H]+	510.355416016
GPNAE(22:0)	C27H56NO7P	CCCCCCCCCCCCCCCCCCCCCC(=O)NCCOP(O)(=O)OCC(O)CO	InChI=1/C27H56NO7P/c1-2-3-4-5-6-7-8-9-10-11-12-13-14-15-16-17-18-19-20-21-27(31)28-22-23-34-36(32,33)35-25-26(30)24-29/h26,29-30H,2-25H2,1H3,(H,28,31)(H,32,33)	InChIKey=CODOCAINHVMYHL-UHFFFAOYNA-N	537.379440145	[M+H]+	538.386716145
GPNAE(24:0)	C29H60NO7P	CCCCCCCCCCCCCCCCCCCCCCCC(=O)NCCOP(O)(=O)OCC(O)CO	InChI=1/C29H60NO7P/c1-2-3-4-5-6-7-8-9-10-11-12-13-14-15-16-17-18-19-20-21-22-23-29(33)30-24-25-36-38(34,35)37-27-28(32)26-31/h28,31-32H,2-27H2,1H3,(H,30,33)(H,34,35)	InChIKey=ICMHQWLMXDKPKG-UHFFFAOYNA-N	565.410740274	[M+H]+	566.418016274
GPNAE(26:0)	C31H64NO7P	CCCCCCCCCCCCCCCCCCCCCCCCCC(=O)NCCOP(O)(=O)OCC(O)CO	InChI=1/C31H64NO7P/c1-2-3-4-5-6-7-8-9-10-11-12-13-14-15-16-17-18-19-20-21-22-23-24-25-31(35)32-26-27-38-40(36,37)39-29-30(34)28-33/h30,33-34H,2-29H2,1H3,(H,32,35)(H,36,37)	InChIKey=AUUFDNFMDWTJGJ-UHFFFAOYNA-N	593.442040403	[M+H]+	594.449316403
GPNAE(28:0)	C33H68NO7P	CCCCCCCCCCCCCCCCCCCCCCCCCCCC(=O)NCCOP(O)(=O)OCC(O)CO	InChI=1/C33H68NO7P/c1-2-3-4-5-6-7-8-9-10-11-12-13-14-15-16-17-18-19-20-21-22-23-24-25-26-27-33(37)34-28-29-40-42(38,39)41-31-32(36)30-35/h32,35-36H,2-31H2,1H3,(H,34,37)(H,38,39)	InChIKey=YCSPORLFVGCCNU-UHFFFAOYNA-N	621.473340532	[M+H]+	622.480616532
GPNAE(30:0)	C35H72NO7P	CCCCCCCCCCCCCCCCCCCCCCCCCCCCCC(=O)NCCOP(O)(=O)OCC(O)CO	InChI=1/C35H72NO7P/c1-2-3-4-5-6-7-8-9-10-11-12-13-14-15-16-17-18-19-20-21-22-23-24-25-26-27-28-29-35(39)36-30-31-42-44(40,41)43-33-34(38)32-37/h34,37-38H,2-33H2,1H3,(H,36,39)(H,40,41)	InChIKey=WQFURUCFZJJGFV-UHFFFAOYNA-N	649.50464066	[M+H]+	650.51191666
GPNAE(14:0(12Me))	C20H42NO7P	CCC(C)CCCCCCCCCCC(=O)NCCOP(O)(=O)OCC(O)CO	InChI=1/C20H42NO7P/c1-3-18(2)12-10-8-6-4-5-7-9-11-13-20(24)21-14-15-27-29(25,26)28-17-19(23)16-22/h18-19,22-23H,3-17H2,1-2H3,(H,21,24)(H,25,26)	InChIKey=HXVFAEKGQBJOSB-UHFFFAOYNA-N	439.269889694	[M+H]+	440.277165694
GPNAE(16:0(14Me))	C22H46NO7P	CCC(C)CCCCCCCCCCCCC(=O)NCCOP(O)(=O)OCC(O)CO	InChI=1/C22H46NO7P/c1-3-20(2)14-12-10-8-6-4-5-7-9-11-13-15-22(26)23-16-17-29-31(27,28)30-19-21(25)18-24/h20-21,24-25H,3-19H2,1-2H3,(H,23,26)(H,27,28)	InChIKey=KSYIIRYQCDYRHG-UHFFFAOYNA-N	467.301189823	[M+H]+	468.308465823
GPNAE 17:0;[9-10cy3:0]	C22H44NO7P	CCCCCC[C@H]1C[C@H]1CCCCCCCC(=O)NCCOP(O)(=O)OCC(O)CO	InChI=1S/C22H44NO7P/c1-2-3-4-8-11-19-16-20(19)12-9-6-5-7-10-13-22(26)23-14-15-29-31(27,28)30-18-21(25)17-24/h19-21,24-25H,2-18H2,1H3,(H,23,26)(H,27,28)/t19-,20+,21?/m0/s1	InChIKey=LMJOJOGXFSMLNS-MCOCGALXSA-N	465.285539759	[M+H]+	466.292815759
GPNAE 19:0;[1-12cy3:0]	C24H48NO7P	CCCCCCC1C[C@H]1CCCCCCCCCC(=O)NCCOP(O)(=O)OCC(O)CO	InChI=1S/C24H48NO7P/c1-2-3-4-10-13-21-18-22(21)14-11-8-6-5-7-9-12-15-24(28)25-16-17-31-33(29,30)32-20-23(27)19-26/h21-23,26-27H,2-20H2,1H3,(H,25,28)(H,29,30)/t21?,22-,23?/m1/s1	InChIKey=PXCIITAJHRCIKP-OOMBGRCJSA-N	493.316839888	[M+H]+	494.324115888
GPNAE(12:0(11Me))	C18H38NO7P	CC(C)CCCCCCCCCC(=O)NCCOP(O)(=O)OCC(O)CO	InChI=1/C18H38NO7P/c1-16(2)10-8-6-4-3-5-7-9-11-18(22)19-12-13-25-27(23,24)26-15-17(21)14-20/h16-17,20-21H,3-15H2,1-2H3,(H,19,22)(H,23,24)	InChIKey=BMKRWWYUZKYKLX-UHFFFAOYNA-N	411.238589566	[M+H]+	412.24586556599996
GPNAE(14:0(13Me))	C20H42NO7P	CC(C)CCCCCCCCCCCC(=O)NCCOP(O)(=O)OCC(O)CO	InChI=1/C20H42NO7P/c1-18(2)12-10-8-6-4-3-5-7-9-11-13-20(24)21-14-15-27-29(25,26)28-17-19(23)16-22/h18-19,22-23H,3-17H2,1-2H3,(H,21,24)(H,25,26)	InChIKey=PMKPOAZYICBOSX-UHFFFAOYNA-N	439.269889694	[M+H]+	440.277165694
GPNAE(16:0(15Me))	C22H46NO7P	CC(C)CCCCCCCCCCCCCC(=O)NCCOP(O)(=O)OCC(O)CO	InChI=1/C22H46NO7P/c1-20(2)14-12-10-8-6-4-3-5-7-9-11-13-15-22(26)23-16-17-29-31(27,28)30-19-21(25)18-24/h20-21,24-25H,3-19H2,1-2H3,(H,23,26)(H,27,28)	InChIKey=CHAQMTHYUKPKNL-UHFFFAOYNA-N	467.301189823	[M+H]+	468.308465823
GPNAE(18:0(17Me))	C24H50NO7P	CC(C)CCCCCCCCCCCCCCCC(=O)NCCOP(O)(=O)OCC(O)CO	InChI=1/C24H50NO7P/c1-22(2)16-14-12-10-8-6-4-3-5-7-9-11-13-15-17-24(28)25-18-19-31-33(29,30)32-21-23(27)20-26/h22-23,26-27H,3-21H2,1-2H3,(H,25,28)(H,29,30)	InChIKey=DBNKTNVJDGOMNN-UHFFFAOYNA-N	495.332489952	[M+H]+	496.339765952
GPNAE(20:0(19Me))	C26H54NO7P	CC(C)CCCCCCCCCCCCCCCCCC(=O)NCCOP(O)(=O)OCC(O)CO	InChI=1/C26H54NO7P/c1-24(2)18-16-14-12-10-8-6-4-3-5-7-9-11-13-15-17-19-26(30)27-20-21-33-35(31,32)34-23-25(29)22-28/h24-25,28-29H,3-23H2,1-2H3,(H,27,30)(H,31,32)	InChIKey=KSMROQHVGQDJFJ-UHFFFAOYNA-N	523.363790081	[M+H]+	524.3710660810001
GPNAE(22:0(21Me))	C28H58NO7P	CC(C)CCCCCCCCCCCCCCCCCCCC(=O)NCCOP(O)(=O)OCC(O)CO	InChI=1/C28H58NO7P/c1-26(2)20-18-16-14-12-10-8-6-4-3-5-7-9-11-13-15-17-19-21-28(32)29-22-23-35-37(33,34)36-25-27(31)24-30/h26-27,30-31H,3-25H2,1-2H3,(H,29,32)(H,33,34)	InChIKey=VBOOHFCTMQJTNQ-UHFFFAOYNA-N	551.39509021	[M+H]+	552.4023662100001
GPNAE(24:0(23Me))	C30H62NO7P	CC(C)CCCCCCCCCCCCCCCCCCCCCC(=O)NCCOP(O)(=O)OCC(O)CO	InChI=1/C30H62NO7P/c1-28(2)22-20-18-16-14-12-10-8-6-4-3-5-7-9-11-13-15-17-19-21-23-30(34)31-24-25-37-39(35,36)38-27-29(33)26-32/h28-29,32-33H,3-27H2,1-2H3,(H,31,34)(H,35,36)	InChIKey=SOEOUVFZENNIPB-UHFFFAOYNA-N	579.426390338	[M+H]+	580.4336663380001
GPNAE(26:0(25Me))	C32H66NO7P	CC(C)CCCCCCCCCCCCCCCCCCCCCCCC(=O)NCCOP(O)(=O)OCC(O)CO	InChI=1/C32H66NO7P/c1-30(2)24-22-20-18-16-14-12-10-8-6-4-3-5-7-9-11-13-15-17-19-21-23-25-32(36)33-26-27-39-41(37,38)40-29-31(35)28-34/h30-31,34-35H,3-29H2,1-2H3,(H,33,36)(H,37,38)	InChIKey=QUVKYMDBBUDWJM-UHFFFAOYNA-N	607.457690467	[M+H]+	608.4649664670001
GPNAE(28:0(27Me))	C34H70NO7P	CC(C)CCCCCCCCCCCCCCCCCCCCCCCCCC(=O)NCCOP(O)(=O)OCC(O)CO	InChI=1/C34H70NO7P/c1-32(2)26-24-22-20-18-16-14-12-10-8-6-4-3-5-7-9-11-13-15-17-19-21-23-25-27-34(38)35-28-29-41-43(39,40)42-31-33(37)30-36/h32-33,36-37H,3-31H2,1-2H3,(H,35,38)(H,39,40)	InChIKey=CZZOIDNKHBKESF-UHFFFAOYNA-N	635.488990596	[M+H]+	636.496266596
GPNAE(17:1(10Z))	C22H44NO7P	CCCCCC\C=C/CCCCCCCCC(=O)NCCOP(O)(=O)OCC(O)CO	InChI=1/C22H44NO7P/c1-2-3-4-5-6-7-8-9-10-11-12-13-14-15-16-22(26)23-17-18-29-31(27,28)30-20-21(25)19-24/h7-8,21,24-25H,2-6,9-20H2,1H3,(H,23,26)(H,27,28)/b8-7-	InChIKey=XAHXUZXSFHQKRC-FPLPWBNLNA-N	465.285539759	[M+H]+	466.292815759
GPNAE(19:1(10Z))	C24H48NO7P	CCCCCCCC\C=C/CCCCCCCCC(=O)NCCOP(O)(=O)OCC(O)CO	InChI=1/C24H48NO7P/c1-2-3-4-5-6-7-8-9-10-11-12-13-14-15-16-17-18-24(28)25-19-20-31-33(29,30)32-22-23(27)21-26/h9-10,23,26-27H,2-8,11-22H2,1H3,(H,25,28)(H,29,30)/b10-9-	InChIKey=PKPMQOUJEQZQCM-KTKRTIGZNA-N	493.316839888	[M+H]+	494.324115888
GPNAE(13:0)	C18H38NO7P	CCCCCCCCCCCCC(=O)NCCOP(O)(=O)OCC(O)CO	InChI=1/C18H38NO7P/c1-2-3-4-5-6-7-8-9-10-11-12-18(22)19-13-14-25-27(23,24)26-16-17(21)15-20/h17,20-21H,2-16H2,1H3,(H,19,22)(H,23,24)	InChIKey=LPEZATOWLCANHI-UHFFFAOYNA-N	411.238589566	[M+H]+	412.24586556599996
GPNAE(15:0)	C20H42NO7P	CCCCCCCCCCCCCCC(=O)NCCOP(O)(=O)OCC(O)CO	InChI=1/C20H42NO7P/c1-2-3-4-5-6-7-8-9-10-11-12-13-14-20(24)21-15-16-27-29(25,26)28-18-19(23)17-22/h19,22-23H,2-18H2,1H3,(H,21,24)(H,25,26)	InChIKey=XNEBTXFNEPHYNW-UHFFFAOYNA-N	439.269889694	[M+H]+	440.277165694
GPNAE(17:0)	C22H46NO7P	CCCCCCCCCCCCCCCCC(=O)NCCOP(O)(=O)OCC(O)CO	InChI=1/C22H46NO7P/c1-2-3-4-5-6-7-8-9-10-11-12-13-14-15-16-22(26)23-17-18-29-31(27,28)30-20-21(25)19-24/h21,24-25H,2-20H2,1H3,(H,23,26)(H,27,28)	InChIKey=LDQHIKANILKTOT-UHFFFAOYNA-N	467.301189823	[M+H]+	468.308465823
GPNAE(19:0)	C24H50NO7P	CCCCCCCCCCCCCCCCCCC(=O)NCCOP(O)(=O)OCC(O)CO	InChI=1/C24H50NO7P/c1-2-3-4-5-6-7-8-9-10-11-12-13-14-15-16-17-18-24(28)25-19-20-31-33(29,30)32-22-23(27)21-26/h23,26-27H,2-22H2,1H3,(H,25,28)(H,29,30)	InChIKey=QYRGKQKQQSLZPG-UHFFFAOYNA-N	495.332489952	[M+H]+	496.339765952
GPNAE(21:0)	C26H54NO7P	CCCCCCCCCCCCCCCCCCCCC(=O)NCCOP(O)(=O)OCC(O)CO	InChI=1/C26H54NO7P/c1-2-3-4-5-6-7-8-9-10-11-12-13-14-15-16-17-18-19-20-26(30)27-21-22-33-35(31,32)34-24-25(29)23-28/h25,28-29H,2-24H2,1H3,(H,27,30)(H,31,32)	InChIKey=MMNYLGVGBZGHIN-UHFFFAOYNA-N	523.363790081	[M+H]+	524.3710660810001
GPNAE(23:0)	C28H58NO7P	CCCCCCCCCCCCCCCCCCCCCCC(=O)NCCOP(O)(=O)OCC(O)CO	InChI=1/C28H58NO7P/c1-2-3-4-5-6-7-8-9-10-11-12-13-14-15-16-17-18-19-20-21-22-28(32)29-23-24-35-37(33,34)36-26-27(31)25-30/h27,30-31H,2-26H2,1H3,(H,29,32)(H,33,34)	InChIKey=FBXNFZOTKZHIHF-UHFFFAOYNA-N	551.39509021	[M+H]+	552.4023662100001
GPNAE(25:0)	C30H62NO7P	CCCCCCCCCCCCCCCCCCCCCCCCC(=O)NCCOP(O)(=O)OCC(O)CO	InChI=1/C30H62NO7P/c1-2-3-4-5-6-7-8-9-10-11-12-13-14-15-16-17-18-19-20-21-22-23-24-30(34)31-25-26-37-39(35,36)38-28-29(33)27-32/h29,32-33H,2-28H2,1H3,(H,31,34)(H,35,36)	InChIKey=UANCKSNNYIDAON-UHFFFAOYNA-N	579.426390338	[M+H]+	580.4336663380001
GPNAE(27:0)	C32H66NO7P	CCCCCCCCCCCCCCCCCCCCCCCCCCC(=O)NCCOP(O)(=O)OCC(O)CO	InChI=1/C32H66NO7P/c1-2-3-4-5-6-7-8-9-10-11-12-13-14-15-16-17-18-19-20-21-22-23-24-25-26-32(36)33-27-28-39-41(37,38)40-30-31(35)29-34/h31,34-35H,2-30H2,1H3,(H,33,36)(H,37,38)	InChIKey=DTMZFMGEGMGMKB-UHFFFAOYNA-N	607.457690467	[M+H]+	608.4649664670001
GPNAE(29:0)	C34H70NO7P	CCCCCCCCCCCCCCCCCCCCCCCCCCCCC(=O)NCCOP(O)(=O)OCC(O)CO	InChI=1/C34H70NO7P/c1-2-3-4-5-6-7-8-9-10-11-12-13-14-15-16-17-18-19-20-21-22-23-24-25-26-27-28-34(38)35-29-30-41-43(39,40)42-32-33(37)31-36/h33,36-37H,2-32H2,1H3,(H,35,38)(H,39,40)	InChIKey=RUEIDZGOZRKABS-UHFFFAOYNA-N	635.488990596	[M+H]+	636.496266596
GPNAE(13:0(12Me,2OH[R]))	C19H40NO8P	CC(C)CCCCCCCCC[C@@H](O)C(=O)NCCOP(O)(=O)OCC(O)CO	InChI=1S/C19H40NO8P/c1-16(2)10-8-6-4-3-5-7-9-11-18(23)19(24)20-12-13-27-29(25,26)28-15-17(22)14-21/h16-18,21-23H,3-15H2,1-2H3,(H,20,24)(H,25,26)/t17?,18-/m1/s1	InChIKey=FRUFYEKGHXYWGQ-QRWMCTBCSA-N	441.24915425	[M+H]+	442.25643025
GPNAE(15:0(14Me,2OH[R]))	C21H44NO8P	CC(C)CCCCCCCCCCC[C@@H](O)C(=O)NCCOP(O)(=O)OCC(O)CO	InChI=1S/C21H44NO8P/c1-18(2)12-10-8-6-4-3-5-7-9-11-13-20(25)21(26)22-14-15-29-31(27,28)30-17-19(24)16-23/h18-20,23-25H,3-17H2,1-2H3,(H,22,26)(H,27,28)/t19?,20-/m1/s1	InChIKey=PTMNOQCBHOMMHL-GFOWMXPYSA-N	469.280454379	[M+H]+	470.287730379
GPNAE(17:0(16Me,2OH[R]))	C23H48NO8P	CC(C)CCCCCCCCCCCCC[C@@H](O)C(=O)NCCOP(O)(=O)OCC(O)CO	InChI=1S/C23H48NO8P/c1-20(2)14-12-10-8-6-4-3-5-7-9-11-13-15-22(27)23(28)24-16-17-31-33(29,30)32-19-21(26)18-25/h20-22,25-27H,3-19H2,1-2H3,(H,24,28)(H,29,30)/t21?,22-/m1/s1	InChIKey=XFAXUTHVRUHNBB-FOIFJWKZSA-N	497.311754508	[M+H]+	498.31903050799997
GPNAE(19:0(18Me,2OH[R]))	C25H52NO8P	CC(C)CCCCCCCCCCCCCCC[C@@H](O)C(=O)NCCOP(O)(=O)OCC(O)CO	InChI=1S/C25H52NO8P/c1-22(2)16-14-12-10-8-6-4-3-5-7-9-11-13-15-17-24(29)25(30)26-18-19-33-35(31,32)34-21-23(28)20-27/h22-24,27-29H,3-21H2,1-2H3,(H,26,30)(H,31,32)/t23?,24-/m1/s1	InChIKey=ONWQLQBZCRDMPB-XMMISQBUSA-N	525.343054636	[M+H]+	526.3503306360001
GPNAE(21:0(20Me,2OH[R]))	C27H56NO8P	CC(C)CCCCCCCCCCCCCCCCC[C@@H](O)C(=O)NCCOP(O)(=O)OCC(O)CO	InChI=1S/C27H56NO8P/c1-24(2)18-16-14-12-10-8-6-4-3-5-7-9-11-13-15-17-19-26(31)27(32)28-20-21-35-37(33,34)36-23-25(30)22-29/h24-26,29-31H,3-23H2,1-2H3,(H,28,32)(H,33,34)/t25?,26-/m1/s1	InChIKey=ZUQKCPPIOMLNMV-FXDYGKIASA-N	553.374354765	[M+H]+	554.3816307650001
GPNAE(23:0(22Me,2OH[R]))	C29H60NO8P	CC(C)CCCCCCCCCCCCCCCCCCC[C@@H](O)C(=O)NCCOP(O)(=O)OCC(O)CO	InChI=1S/C29H60NO8P/c1-26(2)20-18-16-14-12-10-8-6-4-3-5-7-9-11-13-15-17-19-21-28(33)29(34)30-22-23-37-39(35,36)38-25-27(32)24-31/h26-28,31-33H,3-25H2,1-2H3,(H,30,34)(H,35,36)/t27?,28-/m1/s1	InChIKey=NYVKTGUZZCEQQS-PLYLYKGUSA-N	581.405654894	[M+H]+	582.412930894
GPNAE(25:0(24Me,2OH[R]))	C31H64NO8P	CC(C)CCCCCCCCCCCCCCCCCCCCC[C@@H](O)C(=O)NCCOP(O)(=O)OCC(O)CO	InChI=1S/C31H64NO8P/c1-28(2)22-20-18-16-14-12-10-8-6-4-3-5-7-9-11-13-15-17-19-21-23-30(35)31(36)32-24-25-39-41(37,38)40-27-29(34)26-33/h28-30,33-35H,3-27H2,1-2H3,(H,32,36)(H,37,38)/t29?,30-/m1/s1	InChIKey=FNQNAGQGRFATCQ-BDCODIICSA-N	609.436955023	[M+H]+	610.444231023
GPNAE(27:0(26Me,2OH[R]))	C33H68NO8P	CC(C)CCCCCCCCCCCCCCCCCCCCCCC[C@@H](O)C(=O)NCCOP(O)(=O)OCC(O)CO	InChI=1S/C33H68NO8P/c1-30(2)24-22-20-18-16-14-12-10-8-6-4-3-5-7-9-11-13-15-17-19-21-23-25-32(37)33(38)34-26-27-41-43(39,40)42-29-31(36)28-35/h30-32,35-37H,3-29H2,1-2H3,(H,34,38)(H,39,40)/t31?,32-/m1/s1	InChIKey=SRUKAQOQTKALTL-IADGFXSZSA-N	637.468255152	[M+H]+	638.475531152
GPNAE(29:0(28Me,2OH[R]))	C35H72NO8P	CC(C)CCCCCCCCCCCCCCCCCCCCCCCCC[C@@H](O)C(=O)NCCOP(O)(=O)OCC(O)CO	InChI=1S/C35H72NO8P/c1-32(2)26-24-22-20-18-16-14-12-10-8-6-4-3-5-7-9-11-13-15-17-19-21-23-25-27-34(39)35(40)36-28-29-43-45(41,42)44-31-33(38)30-37/h32-34,37-39H,3-31H2,1-2H3,(H,36,40)(H,41,42)/t33?,34-/m1/s1	InChIKey=ZVYYBPFVRNVYEH-MUADHRSZSA-N	665.49955528	[M+H]+	666.50683128
GPNAE(12:0(2OH[R]))	C17H36NO8P	CCCCCCCCCC[C@@H](O)C(=O)NCCOP(O)(=O)OCC(O)CO	InChI=1S/C17H36NO8P/c1-2-3-4-5-6-7-8-9-10-16(21)17(22)18-11-12-25-27(23,24)26-14-15(20)13-19/h15-16,19-21H,2-14H2,1H3,(H,18,22)(H,23,24)/t15?,16-/m1/s1	InChIKey=KBTUUFXUENQCDN-OEMAIJDKSA-N	413.217854121	[M+H]+	414.225130121
GPNAE(14:0(2OH[R]))	C19H40NO8P	CCCCCCCCCCCC[C@@H](O)C(=O)NCCOP(O)(=O)OCC(O)CO	InChI=1S/C19H40NO8P/c1-2-3-4-5-6-7-8-9-10-11-12-18(23)19(24)20-13-14-27-29(25,26)28-16-17(22)15-21/h17-18,21-23H,2-16H2,1H3,(H,20,24)(H,25,26)/t17?,18-/m1/s1	InChIKey=XEDAILOKVZTBMI-QRWMCTBCSA-N	441.24915425	[M+H]+	442.25643025
GPNAE(16:0(2OH[R]))	C21H44NO8P	CCCCCCCCCCCCCC[C@@H](O)C(=O)NCCOP(O)(=O)OCC(O)CO	InChI=1S/C21H44NO8P/c1-2-3-4-5-6-7-8-9-10-11-12-13-14-20(25)21(26)22-15-16-29-31(27,28)30-18-19(24)17-23/h19-20,23-25H,2-18H2,1H3,(H,22,26)(H,27,28)/t19?,20-/m1/s1	InChIKey=WQHJAJSETYOHKX-GFOWMXPYSA-N	469.280454379	[M+H]+	470.287730379
GPNAE(18:0(2OH[R]))	C23H48NO8P	CCCCCCCCCCCCCCCC[C@@H](O)C(=O)NCCOP(O)(=O)OCC(O)CO	InChI=1S/C23H48NO8P/c1-2-3-4-5-6-7-8-9-10-11-12-13-14-15-16-22(27)23(28)24-17-18-31-33(29,30)32-20-21(26)19-25/h21-22,25-27H,2-20H2,1H3,(H,24,28)(H,29,30)/t21?,22-/m1/s1	InChIKey=RCEDWIAPJRIIEG-FOIFJWKZSA-N	497.311754508	[M+H]+	498.31903050799997
GPNAE(20:0(2OH[R]))	C25H52NO8P	CCCCCCCCCCCCCCCCCC[C@@H](O)C(=O)NCCOP(O)(=O)OCC(O)CO	InChI=1S/C25H52NO8P/c1-2-3-4-5-6-7-8-9-10-11-12-13-14-15-16-17-18-24(29)25(30)26-19-20-33-35(31,32)34-22-23(28)21-27/h23-24,27-29H,2-22H2,1H3,(H,26,30)(H,31,32)/t23?,24-/m1/s1	InChIKey=XIOYXZRNVWYSIV-XMMISQBUSA-N	525.343054636	[M+H]+	526.3503306360001
GPNAE(22:0(2OH[R]))	C27H56NO8P	CCCCCCCCCCCCCCCCCCCC[C@@H](O)C(=O)NCCOP(O)(=O)OCC(O)CO	InChI=1S/C27H56NO8P/c1-2-3-4-5-6-7-8-9-10-11-12-13-14-15-16-17-18-19-20-26(31)27(32)28-21-22-35-37(33,34)36-24-25(30)23-29/h25-26,29-31H,2-24H2,1H3,(H,28,32)(H,33,34)/t25?,26-/m1/s1	InChIKey=NWSSTKAOOHUCFR-FXDYGKIASA-N	553.374354765	[M+H]+	554.3816307650001
GPNAE(24:0(2OH[R]))	C29H60NO8P	CCCCCCCCCCCCCCCCCCCCCC[C@@H](O)C(=O)NCCOP(O)(=O)OCC(O)CO	InChI=1S/C29H60NO8P/c1-2-3-4-5-6-7-8-9-10-11-12-13-14-15-16-17-18-19-20-21-22-28(33)29(34)30-23-24-37-39(35,36)38-26-27(32)25-31/h27-28,31-33H,2-26H2,1H3,(H,30,34)(H,35,36)/t27?,28-/m1/s1	InChIKey=PMQUZJVCRUGLDB-PLYLYKGUSA-N	581.405654894	[M+H]+	582.412930894
GPNAE(26:0(2OH[R]))	C31H64NO8P	CCCCCCCCCCCCCCCCCCCCCCCC[C@@H](O)C(=O)NCCOP(O)(=O)OCC(O)CO	InChI=1S/C31H64NO8P/c1-2-3-4-5-6-7-8-9-10-11-12-13-14-15-16-17-18-19-20-21-22-23-24-30(35)31(36)32-25-26-39-41(37,38)40-28-29(34)27-33/h29-30,33-35H,2-28H2,1H3,(H,32,36)(H,37,38)/t29?,30-/m1/s1	InChIKey=IFPATRALXBKQDW-BDCODIICSA-N	609.436955023	[M+H]+	610.444231023
GPNAE(28:0(2OH[R]))	C33H68NO8P	CCCCCCCCCCCCCCCCCCCCCCCCCC[C@@H](O)C(=O)NCCOP(O)(=O)OCC(O)CO	InChI=1S/C33H68NO8P/c1-2-3-4-5-6-7-8-9-10-11-12-13-14-15-16-17-18-19-20-21-22-23-24-25-26-32(37)33(38)34-27-28-41-43(39,40)42-30-31(36)29-35/h31-32,35-37H,2-30H2,1H3,(H,34,38)(H,39,40)/t31?,32-/m1/s1	InChIKey=PUAWHKFKGBRELE-IADGFXSZSA-N	637.468255152	[M+H]+	638.475531152
GPNAE(30:0(2OH[R]))	C35H72NO8P	CCCCCCCCCCCCCCCCCCCCCCCCCCCC[C@@H](O)C(=O)NCCOP(O)(=O)OCC(O)CO	InChI=1S/C35H72NO8P/c1-2-3-4-5-6-7-8-9-10-11-12-13-14-15-16-17-18-19-20-21-22-23-24-25-26-27-28-34(39)35(40)36-29-30-43-45(41,42)44-32-33(38)31-37/h33-34,37-39H,2-32H2,1H3,(H,36,40)(H,41,42)/t33?,34-/m1/s1	InChIKey=XTEYFQKHHLYHLG-MUADHRSZSA-N	665.49955528	[M+H]+	666.50683128
GPNAE(12:0(11Me,2OH[R]))	C18H38NO8P	CC(C)CCCCCCCC[C@@H](O)C(=O)NCCOP(O)(=O)OCC(O)CO	InChI=1S/C18H38NO8P/c1-15(2)9-7-5-3-4-6-8-10-17(22)18(23)19-11-12-26-28(24,25)27-14-16(21)13-20/h15-17,20-22H,3-14H2,1-2H3,(H,19,23)(H,24,25)/t16?,17-/m1/s1	InChIKey=MNDFGLJAVQKOGO-ZYMOGRSISA-N	427.233504186	[M+H]+	428.240780186
GPNAE(14:0(13Me,2OH[R]))	C20H42NO8P	CC(C)CCCCCCCCCC[C@@H](O)C(=O)NCCOP(O)(=O)OCC(O)CO	InChI=1S/C20H42NO8P/c1-17(2)11-9-7-5-3-4-6-8-10-12-19(24)20(25)21-13-14-28-30(26,27)29-16-18(23)15-22/h17-19,22-24H,3-16H2,1-2H3,(H,21,25)(H,26,27)/t18?,19-/m1/s1	InChIKey=HXMSIIQANLXHGE-MUMRKEEXSA-N	455.264804314	[M+H]+	456.272080314
GPNAE(16:0(15Me,2OH[R]))	C22H46NO8P	CC(C)CCCCCCCCCCCC[C@@H](O)C(=O)NCCOP(O)(=O)OCC(O)CO	InChI=1S/C22H46NO8P/c1-19(2)13-11-9-7-5-3-4-6-8-10-12-14-21(26)22(27)23-15-16-30-32(28,29)31-18-20(25)17-24/h19-21,24-26H,3-18H2,1-2H3,(H,23,27)(H,28,29)/t20?,21-/m1/s1	InChIKey=MLUNDYJMOOGFDP-BPGUCPLFSA-N	483.296104443	[M+H]+	484.303380443
GPNAE(18:0(17Me,2OH[R]))	C24H50NO8P	CC(C)CCCCCCCCCCCCCC[C@@H](O)C(=O)NCCOP(O)(=O)OCC(O)CO	InChI=1S/C24H50NO8P/c1-21(2)15-13-11-9-7-5-3-4-6-8-10-12-14-16-23(28)24(29)25-17-18-32-34(30,31)33-20-22(27)19-26/h21-23,26-28H,3-20H2,1-2H3,(H,25,29)(H,30,31)/t22?,23-/m1/s1	InChIKey=DGDSHOZTBOBHCJ-OZAIVSQSSA-N	511.327404572	[M+H]+	512.334680572
GPNAE(20:0(19Me,2OH[R]))	C26H54NO8P	CC(C)CCCCCCCCCCCCCCCC[C@@H](O)C(=O)NCCOP(O)(=O)OCC(O)CO	InChI=1S/C26H54NO8P/c1-23(2)17-15-13-11-9-7-5-3-4-6-8-10-12-14-16-18-25(30)26(31)27-19-20-34-36(32,33)35-22-24(29)21-28/h23-25,28-30H,3-22H2,1-2H3,(H,27,31)(H,32,33)/t24?,25-/m1/s1	InChIKey=OIZDOISDKCCSMY-WUBHUQEYSA-N	539.358704701	[M+H]+	540.365980701
GPNAE(22:0(21Me,2OH[R]))	C28H58NO8P	CC(C)CCCCCCCCCCCCCCCCCC[C@@H](O)C(=O)NCCOP(O)(=O)OCC(O)CO	InChI=1S/C28H58NO8P/c1-25(2)19-17-15-13-11-9-7-5-3-4-6-8-10-12-14-16-18-20-27(32)28(33)29-21-22-36-38(34,35)37-24-26(31)23-30/h25-27,30-32H,3-24H2,1-2H3,(H,29,33)(H,34,35)/t26?,27-/m1/s1	InChIKey=DEAUZEUJTLXAIF-SSYAZFEXSA-N	567.39000483	[M+H]+	568.39728083
GPNAE(24:0(23Me,2OH[R]))	C30H62NO8P	CC(C)CCCCCCCCCCCCCCCCCCCC[C@@H](O)C(=O)NCCOP(O)(=O)OCC(O)CO	InChI=1S/C30H62NO8P/c1-27(2)21-19-17-15-13-11-9-7-5-3-4-6-8-10-12-14-16-18-20-22-29(34)30(35)31-23-24-38-40(36,37)39-26-28(33)25-32/h27-29,32-34H,3-26H2,1-2H3,(H,31,35)(H,36,37)/t28?,29-/m1/s1	InChIKey=JVHSJQDUDKYEJC-YPJJGMIRSA-N	595.421304958	[M+H]+	596.428580958
GPNAE(26:0(25Me,2OH[R]))	C32H66NO8P	CC(C)CCCCCCCCCCCCCCCCCCCCCC[C@@H](O)C(=O)NCCOP(O)(=O)OCC(O)CO	InChI=1S/C32H66NO8P/c1-29(2)23-21-19-17-15-13-11-9-7-5-3-4-6-8-10-12-14-16-18-20-22-24-31(36)32(37)33-25-26-40-42(38,39)41-28-30(35)27-34/h29-31,34-36H,3-28H2,1-2H3,(H,33,37)(H,38,39)/t30?,31-/m1/s1	InChIKey=FHSGFHAFKITNQZ-NLIBRCFJSA-N	623.452605087	[M+H]+	624.4598810870001
GPNAE(28:0(27Me,2OH[R]))	C34H70NO8P	CC(C)CCCCCCCCCCCCCCCCCCCCCCCC[C@@H](O)C(=O)NCCOP(O)(=O)OCC(O)CO	InChI=1S/C34H70NO8P/c1-31(2)25-23-21-19-17-15-13-11-9-7-5-3-4-6-8-10-12-14-16-18-20-22-24-26-33(38)34(39)35-27-28-42-44(40,41)43-30-32(37)29-36/h31-33,36-38H,3-30H2,1-2H3,(H,35,39)(H,40,41)/t32?,33-/m1/s1	InChIKey=QIGKDTGPQHQDMB-ZHZZGXISSA-N	651.483905216	[M+H]+	652.4911812160001
GPNAE(13:0(2OH[R]))	C18H38NO8P	CCCCCCCCCCC[C@@H](O)C(=O)NCCOP(O)(=O)OCC(O)CO	InChI=1S/C18H38NO8P/c1-2-3-4-5-6-7-8-9-10-11-17(22)18(23)19-12-13-26-28(24,25)27-15-16(21)14-20/h16-17,20-22H,2-15H2,1H3,(H,19,23)(H,24,25)/t16?,17-/m1/s1	InChIKey=RITCDFVIUOCXTJ-ZYMOGRSISA-N	427.233504186	[M+H]+	428.240780186
GPNAE(15:0(2OH[R]))	C20H42NO8P	CCCCCCCCCCCCC[C@@H](O)C(=O)NCCOP(O)(=O)OCC(O)CO	InChI=1S/C20H42NO8P/c1-2-3-4-5-6-7-8-9-10-11-12-13-19(24)20(25)21-14-15-28-30(26,27)29-17-18(23)16-22/h18-19,22-24H,2-17H2,1H3,(H,21,25)(H,26,27)/t18?,19-/m1/s1	InChIKey=SIFLYUONSIWIMG-MUMRKEEXSA-N	455.264804314	[M+H]+	456.272080314
GPNAE(17:0(2OH[R]))	C22H46NO8P	CCCCCCCCCCCCCCC[C@@H](O)C(=O)NCCOP(O)(=O)OCC(O)CO	InChI=1S/C22H46NO8P/c1-2-3-4-5-6-7-8-9-10-11-12-13-14-15-21(26)22(27)23-16-17-30-32(28,29)31-19-20(25)18-24/h20-21,24-26H,2-19H2,1H3,(H,23,27)(H,28,29)/t20?,21-/m1/s1	InChIKey=HFIREOKUTFCKSB-BPGUCPLFSA-N	483.296104443	[M+H]+	484.303380443
GPNAE(19:0(2OH[R]))	C24H50NO8P	CCCCCCCCCCCCCCCCC[C@@H](O)C(=O)NCCOP(O)(=O)OCC(O)CO	InChI=1S/C24H50NO8P/c1-2-3-4-5-6-7-8-9-10-11-12-13-14-15-16-17-23(28)24(29)25-18-19-32-34(30,31)33-21-22(27)20-26/h22-23,26-28H,2-21H2,1H3,(H,25,29)(H,30,31)/t22?,23-/m1/s1	InChIKey=YIYSQFZCIHJRNI-OZAIVSQSSA-N	511.327404572	[M+H]+	512.334680572
GPNAE(21:0(2OH[R]))	C26H54NO8P	CCCCCCCCCCCCCCCCCCC[C@@H](O)C(=O)NCCOP(O)(=O)OCC(O)CO	InChI=1S/C26H54NO8P/c1-2-3-4-5-6-7-8-9-10-11-12-13-14-15-16-17-18-19-25(30)26(31)27-20-21-34-36(32,33)35-23-24(29)22-28/h24-25,28-30H,2-23H2,1H3,(H,27,31)(H,32,33)/t24?,25-/m1/s1	InChIKey=RZXQATPRHIJOGJ-WUBHUQEYSA-N	539.358704701	[M+H]+	540.365980701
GPNAE(23:0(2OH[R]))	C28H58NO8P	CCCCCCCCCCCCCCCCCCCCC[C@@H](O)C(=O)NCCOP(O)(=O)OCC(O)CO	InChI=1S/C28H58NO8P/c1-2-3-4-5-6-7-8-9-10-11-12-13-14-15-16-17-18-19-20-21-27(32)28(33)29-22-23-36-38(34,35)37-25-26(31)24-30/h26-27,30-32H,2-25H2,1H3,(H,29,33)(H,34,35)/t26?,27-/m1/s1	InChIKey=MOWYMXCQCCJIJM-SSYAZFEXSA-N	567.39000483	[M+H]+	568.39728083
GPNAE(25:0(2OH[R]))	C30H62NO8P	CCCCCCCCCCCCCCCCCCCCCCC[C@@H](O)C(=O)NCCOP(O)(=O)OCC(O)CO	InChI=1S/C30H62NO8P/c1-2-3-4-5-6-7-8-9-10-11-12-13-14-15-16-17-18-19-20-21-22-23-29(34)30(35)31-24-25-38-40(36,37)39-27-28(33)26-32/h28-29,32-34H,2-27H2,1H3,(H,31,35)(H,36,37)/t28?,29-/m1/s1	InChIKey=MYSJSJOVPLSVHI-YPJJGMIRSA-N	595.421304958	[M+H]+	596.428580958
GPNAE(27:0(2OH[R]))	C32H66NO8P	CCCCCCCCCCCCCCCCCCCCCCCCC[C@@H](O)C(=O)NCCOP(O)(=O)OCC(O)CO	InChI=1S/C32H66NO8P/c1-2-3-4-5-6-7-8-9-10-11-12-13-14-15-16-17-18-19-20-21-22-23-24-25-31(36)32(37)33-26-27-40-42(38,39)41-29-30(35)28-34/h30-31,34-36H,2-29H2,1H3,(H,33,37)(H,38,39)/t30?,31-/m1/s1	InChIKey=LIWUIPOBRHTURI-NLIBRCFJSA-N	623.452605087	[M+H]+	624.4598810870001
GPNAE(29:0(2OH[R]))	C34H70NO8P	CCCCCCCCCCCCCCCCCCCCCCCCCCC[C@@H](O)C(=O)NCCOP(O)(=O)OCC(O)CO	InChI=1S/C34H70NO8P/c1-2-3-4-5-6-7-8-9-10-11-12-13-14-15-16-17-18-19-20-21-22-23-24-25-26-27-33(38)34(39)35-28-29-42-44(40,41)43-31-32(37)30-36/h32-33,36-38H,2-31H2,1H3,(H,35,39)(H,40,41)/t32?,33-/m1/s1	InChIKey=UKSNDPNQZSHZHG-ZHZZGXISSA-N	651.483905216	[M+H]+	652.4911812160001
GPNAE(15:1(9Z)(14Me))	C21H42NO7P	CC(C)CCC\C=C/CCCCCCCC(=O)NCCOP(O)(=O)OCC(O)CO	InChI=1/C21H42NO7P/c1-19(2)13-11-9-7-5-3-4-6-8-10-12-14-21(25)22-15-16-28-30(26,27)29-18-20(24)17-23/h5,7,19-20,23-24H,3-4,6,8-18H2,1-2H3,(H,22,25)(H,26,27)/b7-5-	InChIKey=UPWBOHGVBQZUKG-ALCCZGGFNA-N	451.269889694	[M+Na]+	474.259109694
GPNAE(13:0(12Me))	C19H40NO7P	CC(C)CCCCCCCCCCC(=O)NCCOP(O)(=O)OCC(O)CO	InChI=1/C19H40NO7P/c1-17(2)11-9-7-5-3-4-6-8-10-12-19(23)20-13-14-26-28(24,25)27-16-18(22)15-21/h17-18,21-22H,3-16H2,1-2H3,(H,20,23)(H,24,25)	InChIKey=DCJMQIMZITWTST-UHFFFAOYNA-N	425.25423963	[M+Na]+	448.24345962999996
GPNAE(15:0(14Me))	C21H44NO7P	CC(C)CCCCCCCCCCCCC(=O)NCCOP(O)(=O)OCC(O)CO	InChI=1/C21H44NO7P/c1-19(2)13-11-9-7-5-3-4-6-8-10-12-14-21(25)22-15-16-28-30(26,27)29-18-20(24)17-23/h19-20,23-24H,3-18H2,1-2H3,(H,22,25)(H,26,27)	InChIKey=SKLPJALQJJRHPS-UHFFFAOYNA-N	453.285539759	[M+Na]+	476.274759759
GPNAE(17:0(16Me))	C23H48NO7P	CC(C)CCCCCCCCCCCCCCC(=O)NCCOP(O)(=O)OCC(O)CO	InChI=1/C23H48NO7P/c1-21(2)15-13-11-9-7-5-3-4-6-8-10-12-14-16-23(27)24-17-18-30-32(28,29)31-20-22(26)19-25/h21-22,25-26H,3-20H2,1-2H3,(H,24,27)(H,28,29)	InChIKey=VHZWJLDBKPVSHH-UHFFFAOYNA-N	481.316839888	[M+Na]+	504.306059888
GPNAE(19:0(18Me))	C25H52NO7P	CC(C)CCCCCCCCCCCCCCCCC(=O)NCCOP(O)(=O)OCC(O)CO	InChI=1/C25H52NO7P/c1-23(2)17-15-13-11-9-7-5-3-4-6-8-10-12-14-16-18-25(29)26-19-20-32-34(30,31)33-22-24(28)21-27/h23-24,27-28H,3-22H2,1-2H3,(H,26,29)(H,30,31)	InChIKey=YJRUGNXBQWMYPI-UHFFFAOYNA-N	509.348140016	[M+Na]+	532.337360016
GPNAE(21:0(20Me))	C27H56NO7P	CC(C)CCCCCCCCCCCCCCCCCCC(=O)NCCOP(O)(=O)OCC(O)CO	InChI=1/C27H56NO7P/c1-25(2)19-17-15-13-11-9-7-5-3-4-6-8-10-12-14-16-18-20-27(31)28-21-22-34-36(32,33)35-24-26(30)23-29/h25-26,29-30H,3-24H2,1-2H3,(H,28,31)(H,32,33)	InChIKey=AGUGWZRQELQGLH-UHFFFAOYNA-N	537.379440145	[M+Na]+	560.368660145
GPNAE(23:0(22Me))	C29H60NO7P	CC(C)CCCCCCCCCCCCCCCCCCCCC(=O)NCCOP(O)(=O)OCC(O)CO	InChI=1/C29H60NO7P/c1-27(2)21-19-17-15-13-11-9-7-5-3-4-6-8-10-12-14-16-18-20-22-29(33)30-23-24-36-38(34,35)37-26-28(32)25-31/h27-28,31-32H,3-26H2,1-2H3,(H,30,33)(H,34,35)	InChIKey=MVQDIQWKHOYVQF-UHFFFAOYNA-N	565.410740274	[M+Na]+	588.399960274
GPNAE(25:0(24Me))	C31H64NO7P	CC(C)CCCCCCCCCCCCCCCCCCCCCCC(=O)NCCOP(O)(=O)OCC(O)CO	InChI=1/C31H64NO7P/c1-29(2)23-21-19-17-15-13-11-9-7-5-3-4-6-8-10-12-14-16-18-20-22-24-31(35)32-25-26-38-40(36,37)39-28-30(34)27-33/h29-30,33-34H,3-28H2,1-2H3,(H,32,35)(H,36,37)	InChIKey=OJHUORXDFWKTHX-UHFFFAOYNA-N	593.442040403	[M+Na]+	616.431260403
GPNAE(27:0(26Me))	C33H68NO7P	CC(C)CCCCCCCCCCCCCCCCCCCCCCCCC(=O)NCCOP(O)(=O)OCC(O)CO	InChI=1/C33H68NO7P/c1-31(2)25-23-21-19-17-15-13-11-9-7-5-3-4-6-8-10-12-14-16-18-20-22-24-26-33(37)34-27-28-40-42(38,39)41-30-32(36)29-35/h31-32,35-36H,3-30H2,1-2H3,(H,34,37)(H,38,39)	InChIKey=INOLZCUQQUPALC-UHFFFAOYNA-N	621.473340532	[M+Na]+	644.462560532
GPNAE(29:0(28Me))	C35H72NO7P	CC(C)CCCCCCCCCCCCCCCCCCCCCCCCCCC(=O)NCCOP(O)(=O)OCC(O)CO	InChI=1/C35H72NO7P/c1-33(2)27-25-23-21-19-17-15-13-11-9-7-5-3-4-6-8-10-12-14-16-18-20-22-24-26-28-35(39)36-29-30-42-44(40,41)43-32-34(38)31-37/h33-34,37-38H,3-32H2,1-2H3,(H,36,39)(H,40,41)	InChIKey=QXBOCALIRPPNNM-UHFFFAOYNA-N	649.50464066	[M+Na]+	672.49386066
GPNAE(16:1(11Z))	C21H42NO7P	CCCC\C=C/CCCCCCCCCC(=O)NCCOP(O)(=O)OCC(O)CO	InChI=1/C21H42NO7P/c1-2-3-4-5-6-7-8-9-10-11-12-13-14-15-21(25)22-16-17-28-30(26,27)29-19-20(24)18-23/h5-6,20,23-24H,2-4,7-19H2,1H3,(H,22,25)(H,26,27)/b6-5-	InChIKey=RLDQIPZUSWIIQA-WAYWQWQTNA-N	451.269889694	[M+Na]+	474.259109694
GPNAE(16:1(9Z))	C21H42NO7P	CCCCCC\C=C/CCCCCCCC(=O)NCCOP(O)(=O)OCC(O)CO	InChI=1/C21H42NO7P/c1-2-3-4-5-6-7-8-9-10-11-12-13-14-15-21(25)22-16-17-28-30(26,27)29-19-20(24)18-23/h7-8,20,23-24H,2-6,9-19H2,1H3,(H,22,25)(H,26,27)/b8-7-	InChIKey=JKTFQYRQACNUCF-FPLPWBNLNA-N	451.269889694	[M+Na]+	474.259109694
GPNAE(18:1(11Z))	C23H46NO7P	CCCCCC\C=C/CCCCCCCCCC(=O)NCCOP(O)(=O)OCC(O)CO	InChI=1/C23H46NO7P/c1-2-3-4-5-6-7-8-9-10-11-12-13-14-15-16-17-23(27)24-18-19-30-32(28,29)31-21-22(26)20-25/h7-8,22,25-26H,2-6,9-21H2,1H3,(H,24,27)(H,28,29)/b8-7-	InChIKey=QMXYMKICERNRMO-FPLPWBNLNA-N	479.301189823	[M+Na]+	502.290409823
GPNAE(18:1(13Z))	C23H46NO7P	CCCC\C=C/CCCCCCCCCCCC(=O)NCCOP(O)(=O)OCC(O)CO	InChI=1/C23H46NO7P/c1-2-3-4-5-6-7-8-9-10-11-12-13-14-15-16-17-23(27)24-18-19-30-32(28,29)31-21-22(26)20-25/h5-6,22,25-26H,2-4,7-21H2,1H3,(H,24,27)(H,28,29)/b6-5-	InChIKey=IQFRQUCFFATEJB-WAYWQWQTNA-N	479.301189823	[M+Na]+	502.290409823
GPNAE(18:1(9Z))	C23H46NO7P	CCCCCCCC\C=C/CCCCCCCC(=O)NCCOP(O)(=O)OCC(O)CO	InChI=1/C23H46NO7P/c1-2-3-4-5-6-7-8-9-10-11-12-13-14-15-16-17-23(27)24-18-19-30-32(28,29)31-21-22(26)20-25/h9-10,22,25-26H,2-8,11-21H2,1H3,(H,24,27)(H,28,29)/b10-9-	InChIKey=VBNXVCGZJCGEKO-KTKRTIGZNA-N	479.301189823	[M+Na]+	502.290409823
GPNAE(20:1(11Z))	C25H50NO7P	CCCCCCCC\C=C/CCCCCCCCCC(=O)NCCOP(O)(=O)OCC(O)CO	InChI=1/C25H50NO7P/c1-2-3-4-5-6-7-8-9-10-11-12-13-14-15-16-17-18-19-25(29)26-20-21-32-34(30,31)33-23-24(28)22-27/h9-10,24,27-28H,2-8,11-23H2,1H3,(H,26,29)(H,30,31)/b10-9-	InChIKey=DBHZABPLQFJSGM-KTKRTIGZNA-N	507.332489952	[M+Na]+	530.321709952
GPNAE(20:1(13Z))	C25H50NO7P	CCCCCC\C=C/CCCCCCCCCCCC(=O)NCCOP(O)(=O)OCC(O)CO	InChI=1/C25H50NO7P/c1-2-3-4-5-6-7-8-9-10-11-12-13-14-15-16-17-18-19-25(29)26-20-21-32-34(30,31)33-23-24(28)22-27/h7-8,24,27-28H,2-6,9-23H2,1H3,(H,26,29)(H,30,31)/b8-7-	InChIKey=GDZDYDKULLNDKB-FPLPWBNLNA-N	507.332489952	[M+Na]+	530.321709952
GPNAE(20:1(9Z))	C25H50NO7P	CCCCCCCCCC\C=C/CCCCCCCC(=O)NCCOP(O)(=O)OCC(O)CO	InChI=1/C25H50NO7P/c1-2-3-4-5-6-7-8-9-10-11-12-13-14-15-16-17-18-19-25(29)26-20-21-32-34(30,31)33-23-24(28)22-27/h11-12,24,27-28H,2-10,13-23H2,1H3,(H,26,29)(H,30,31)/b12-11-	InChIKey=ZSHFXARWOYOFBL-QXMHVHEDNA-N	507.332489952	[M+Na]+	530.321709952
GPNAE(18:2(9Z,12Z))	C23H44NO7P	CCCCC\C=C/C\C=C/CCCCCCCC(=O)NCCOP(O)(=O)OCC(O)CO	InChI=1/C23H44NO7P/c1-2-3-4-5-6-7-8-9-10-11-12-13-14-15-16-17-23(27)24-18-19-30-32(28,29)31-21-22(26)20-25/h6-7,9-10,22,25-26H,2-5,8,11-21H2,1H3,(H,24,27)(H,28,29)/b7-6-,10-9-	InChIKey=SIFXNALWQVODIM-HZJYTTRNNA-N	477.285539759	[M+Na]+	500.274759759
GPNAE(18:3(6Z,9Z,12Z))	C23H42NO7P	CCCCC\C=C/C\C=C/C\C=C/CCCCC(=O)NCCOP(O)(=O)OCC(O)CO	InChI=1/C23H42NO7P/c1-2-3-4-5-6-7-8-9-10-11-12-13-14-15-16-17-23(27)24-18-19-30-32(28,29)31-21-22(26)20-25/h6-7,9-10,12-13,22,25-26H,2-5,8,11,14-21H2,1H3,(H,24,27)(H,28,29)/b7-6-,10-9-,13-12-	InChIKey=IWBXGDGROPBXTJ-QNEBEIHSNA-N	475.269889694	[M+Na]+	498.259109694
GPNAE(18:3(9Z,12Z,15Z))	C23H42NO7P	CC\C=C/C\C=C/C\C=C/CCCCCCCC(=O)NCCOP(O)(=O)OCC(O)CO	InChI=1/C23H42NO7P/c1-2-3-4-5-6-7-8-9-10-11-12-13-14-15-16-17-23(27)24-18-19-30-32(28,29)31-21-22(26)20-25/h3-4,6-7,9-10,22,25-26H,2,5,8,11-21H2,1H3,(H,24,27)(H,28,29)/b4-3-,7-6-,10-9-	InChIKey=SOILCOXWINIREG-PDBXOOCHNA-N	475.269889694	[M+Na]+	498.259109694
GPNAE(18:4(6Z,9Z,12Z,15Z))	C23H40NO7P	CC\C=C/C\C=C/C\C=C/C\C=C/CCCCC(=O)NCCOP(O)(=O)OCC(O)CO	InChI=1/C23H40NO7P/c1-2-3-4-5-6-7-8-9-10-11-12-13-14-15-16-17-23(27)24-18-19-30-32(28,29)31-21-22(26)20-25/h3-4,6-7,9-10,12-13,22,25-26H,2,5,8,11,14-21H2,1H3,(H,24,27)(H,28,29)/b4-3-,7-6-,10-9-,13-12-	InChIKey=GHTFUKPIYRADOL-LTKCOYKYNA-N	473.25423963	[M+Na]+	496.24345962999996
GPNAE(20:2(11Z,14Z))	C25H48NO7P	CCCCC\C=C/C\C=C/CCCCCCCCCC(=O)NCCOP(O)(=O)OCC(O)CO	InChI=1/C25H48NO7P/c1-2-3-4-5-6-7-8-9-10-11-12-13-14-15-16-17-18-19-25(29)26-20-21-32-34(30,31)33-23-24(28)22-27/h6-7,9-10,24,27-28H,2-5,8,11-23H2,1H3,(H,26,29)(H,30,31)/b7-6-,10-9-	InChIKey=OIRMJTCCJWUGBL-HZJYTTRNNA-N	505.316839888	[M+Na]+	528.306059888
GPNAE(20:3(8Z,11Z,14Z))	C25H46NO7P	CCCCC\C=C/C\C=C/C\C=C/CCCCCCC(=O)NCCOP(O)(=O)OCC(O)CO	InChI=1/C25H46NO7P/c1-2-3-4-5-6-7-8-9-10-11-12-13-14-15-16-17-18-19-25(29)26-20-21-32-34(30,31)33-23-24(28)22-27/h6-7,9-10,12-13,24,27-28H,2-5,8,11,14-23H2,1H3,(H,26,29)(H,30,31)/b7-6-,10-9-,13-12-	InChIKey=OWMHTIVVPUOIAF-QNEBEIHSNA-N	503.301189823	[M+Na]+	526.290409823
GPNAE(20:4(5Z,8Z,11Z,14Z))	C25H44NO7P	CCCCC\C=C/C\C=C/C\C=C/C\C=C/CCCC(=O)NCCOP(O)(=O)OCC(O)CO	InChI=1/C25H44NO7P/c1-2-3-4-5-6-7-8-9-10-11-12-13-14-15-16-17-18-19-25(29)26-20-21-32-34(30,31)33-23-24(28)22-27/h6-7,9-10,12-13,15-16,24,27-28H,2-5,8,11,14,17-23H2,1H3,(H,26,29)(H,30,31)/b7-6-,10-9-,13-12-,16-15-	InChIKey=PAGKVQGBMADPCS-DOFZRALJNA-N	501.285539759	[M+Na]+	524.2747597590001
GPNAE(20:4(8Z,11Z,14Z,17Z))	C25H44NO7P	CC\C=C/C\C=C/C\C=C/C\C=C/CCCCCCC(=O)NCCOP(O)(=O)OCC(O)CO	InChI=1/C25H44NO7P/c1-2-3-4-5-6-7-8-9-10-11-12-13-14-15-16-17-18-19-25(29)26-20-21-32-34(30,31)33-23-24(28)22-27/h3-4,6-7,9-10,12-13,24,27-28H,2,5,8,11,14-23H2,1H3,(H,26,29)(H,30,31)/b4-3-,7-6-,10-9-,13-12-	InChIKey=ADVKTGLNQRJEOV-LTKCOYKYNA-N	501.285539759	[M+Na]+	524.2747597590001
GPNAE(20:5(5Z,8Z,11Z,14Z,17Z))	C25H42NO7P	CC\C=C/C\C=C/C\C=C/C\C=C/C\C=C/CCCC(=O)NCCOP(O)(=O)OCC(O)CO	InChI=1/C25H42NO7P/c1-2-3-4-5-6-7-8-9-10-11-12-13-14-15-16-17-18-19-25(29)26-20-21-32-34(30,31)33-23-24(28)22-27/h3-4,6-7,9-10,12-13,15-16,24,27-28H,2,5,8,11,14,17-23H2,1H3,(H,26,29)(H,30,31)/b4-3-,7-6-,10-9-,13-12-,16-15-	InChIKey=ADEMPYKRVUNSKG-JLNKQSITNA-N	499.269889694	[M+Na]+	522.259109694
GPNAE(12:0)	C17H36NO7P	CCCCCCCCCCCC(=O)NCCOP(O)(=O)OCC(O)CO	InChI=1/C17H36NO7P/c1-2-3-4-5-6-7-8-9-10-11-17(21)18-12-13-24-26(22,23)25-15-16(20)14-19/h16,19-20H,2-15H2,1H3,(H,18,21)(H,22,23)	InChIKey=VXJLPEIEOIEASK-UHFFFAOYNA-N	397.222939501	[M+Na]+	420.212159501
GPNAE(14:0)	C19H40NO7P	CCCCCCCCCCCCCC(=O)NCCOP(O)(=O)OCC(O)CO	InChI=1/C19H40NO7P/c1-2-3-4-5-6-7-8-9-10-11-12-13-19(23)20-14-15-26-28(24,25)27-17-18(22)16-21/h18,21-22H,2-17H2,1H3,(H,20,23)(H,24,25)	InChIKey=JNVSXQHBLCRTDY-UHFFFAOYNA-N	425.25423963	[M+Na]+	448.24345962999996
GPNAE(16:0)	C21H44NO7P	CCCCCCCCCCCCCCCC(=O)NCCOP(O)(=O)OCC(O)CO	InChI=1/C21H44NO7P/c1-2-3-4-5-6-7-8-9-10-11-12-13-14-15-21(25)22-16-17-28-30(26,27)29-19-20(24)18-23/h20,23-24H,2-19H2,1H3,(H,22,25)(H,26,27)	InChIKey=FIXMIXZULLAMCB-UHFFFAOYNA-N	453.285539759	[M+Na]+	476.274759759
GPNAE(18:0)	C23H48NO7P	CCCCCCCCCCCCCCCCCC(=O)NCCOP(O)(=O)OCC(O)CO	InChI=1/C23H48NO7P/c1-2-3-4-5-6-7-8-9-10-11-12-13-14-15-16-17-23(27)24-18-19-30-32(28,29)31-21-22(26)20-25/h22,25-26H,2-21H2,1H3,(H,24,27)(H,28,29)	InChIKey=GWPSWVKRTQYSAW-UHFFFAOYNA-N	481.316839888	[M+Na]+	504.306059888
GPNAE(20:0)	C25H52NO7P	CCCCCCCCCCCCCCCCCCCC(=O)NCCOP(O)(=O)OCC(O)CO	InChI=1/C25H52NO7P/c1-2-3-4-5-6-7-8-9-10-11-12-13-14-15-16-17-18-19-25(29)26-20-21-32-34(30,31)33-23-24(28)22-27/h24,27-28H,2-23H2,1H3,(H,26,29)(H,30,31)	InChIKey=PWCYQOOJUCZCAO-UHFFFAOYNA-N	509.348140016	[M+Na]+	532.337360016
GPNAE(22:0)	C27H56NO7P	CCCCCCCCCCCCCCCCCCCCCC(=O)NCCOP(O)(=O)OCC(O)CO	InChI=1/C27H56NO7P/c1-2-3-4-5-6-7-8-9-10-11-12-13-14-15-16-17-18-19-20-21-27(31)28-22-23-34-36(32,33)35-25-26(30)24-29/h26,29-30H,2-25H2,1H3,(H,28,31)(H,32,33)	InChIKey=CODOCAINHVMYHL-UHFFFAOYNA-N	537.379440145	[M+Na]+	560.368660145
GPNAE(24:0)	C29H60NO7P	CCCCCCCCCCCCCCCCCCCCCCCC(=O)NCCOP(O)(=O)OCC(O)CO	InChI=1/C29H60NO7P/c1-2-3-4-5-6-7-8-9-10-11-12-13-14-15-16-17-18-19-20-21-22-23-29(33)30-24-25-36-38(34,35)37-27-28(32)26-31/h28,31-32H,2-27H2,1H3,(H,30,33)(H,34,35)	InChIKey=ICMHQWLMXDKPKG-UHFFFAOYNA-N	565.410740274	[M+Na]+	588.399960274
GPNAE(26:0)	C31H64NO7P	CCCCCCCCCCCCCCCCCCCCCCCCCC(=O)NCCOP(O)(=O)OCC(O)CO	InChI=1/C31H64NO7P/c1-2-3-4-5-6-7-8-9-10-11-12-13-14-15-16-17-18-19-20-21-22-23-24-25-31(35)32-26-27-38-40(36,37)39-29-30(34)28-33/h30,33-34H,2-29H2,1H3,(H,32,35)(H,36,37)	InChIKey=AUUFDNFMDWTJGJ-UHFFFAOYNA-N	593.442040403	[M+Na]+	616.431260403
GPNAE(28:0)	C33H68NO7P	CCCCCCCCCCCCCCCCCCCCCCCCCCCC(=O)NCCOP(O)(=O)OCC(O)CO	InChI=1/C33H68NO7P/c1-2-3-4-5-6-7-8-9-10-11-12-13-14-15-16-17-18-19-20-21-22-23-24-25-26-27-33(37)34-28-29-40-42(38,39)41-31-32(36)30-35/h32,35-36H,2-31H2,1H3,(H,34,37)(H,38,39)	InChIKey=YCSPORLFVGCCNU-UHFFFAOYNA-N	621.473340532	[M+Na]+	644.462560532
GPNAE(30:0)	C35H72NO7P	CCCCCCCCCCCCCCCCCCCCCCCCCCCCCC(=O)NCCOP(O)(=O)OCC(O)CO	InChI=1/C35H72NO7P/c1-2-3-4-5-6-7-8-9-10-11-12-13-14-15-16-17-18-19-20-21-22-23-24-25-26-27-28-29-35(39)36-30-31-42-44(40,41)43-33-34(38)32-37/h34,37-38H,2-33H2,1H3,(H,36,39)(H,40,41)	InChIKey=WQFURUCFZJJGFV-UHFFFAOYNA-N	649.50464066	[M+Na]+	672.49386066
GPNAE(14:0(12Me))	C20H42NO7P	CCC(C)CCCCCCCCCCC(=O)NCCOP(O)(=O)OCC(O)CO	InChI=1/C20H42NO7P/c1-3-18(2)12-10-8-6-4-5-7-9-11-13-20(24)21-14-15-27-29(25,26)28-17-19(23)16-22/h18-19,22-23H,3-17H2,1-2H3,(H,21,24)(H,25,26)	InChIKey=HXVFAEKGQBJOSB-UHFFFAOYNA-N	439.269889694	[M+Na]+	462.259109694
GPNAE(16:0(14Me))	C22H46NO7P	CCC(C)CCCCCCCCCCCCC(=O)NCCOP(O)(=O)OCC(O)CO	InChI=1/C22H46NO7P/c1-3-20(2)14-12-10-8-6-4-5-7-9-11-13-15-22(26)23-16-17-29-31(27,28)30-19-21(25)18-24/h20-21,24-25H,3-19H2,1-2H3,(H,23,26)(H,27,28)	InChIKey=KSYIIRYQCDYRHG-UHFFFAOYNA-N	467.301189823	[M+Na]+	490.290409823
GPNAE 17:0;[9-10cy3:0]	C22H44NO7P	CCCCCC[C@H]1C[C@H]1CCCCCCCC(=O)NCCOP(O)(=O)OCC(O)CO	InChI=1S/C22H44NO7P/c1-2-3-4-8-11-19-16-20(19)12-9-6-5-7-10-13-22(26)23-14-15-29-31(27,28)30-18-21(25)17-24/h19-21,24-25H,2-18H2,1H3,(H,23,26)(H,27,28)/t19-,20+,21?/m0/s1	InChIKey=LMJOJOGXFSMLNS-MCOCGALXSA-N	465.285539759	[M+Na]+	488.274759759
GPNAE 19:0;[1-12cy3:0]	C24H48NO7P	CCCCCCC1C[C@H]1CCCCCCCCCC(=O)NCCOP(O)(=O)OCC(O)CO	InChI=1S/C24H48NO7P/c1-2-3-4-10-13-21-18-22(21)14-11-8-6-5-7-9-12-15-24(28)25-16-17-31-33(29,30)32-20-23(27)19-26/h21-23,26-27H,2-20H2,1H3,(H,25,28)(H,29,30)/t21?,22-,23?/m1/s1	InChIKey=PXCIITAJHRCIKP-OOMBGRCJSA-N	493.316839888	[M+Na]+	516.306059888
GPNAE(12:0(11Me))	C18H38NO7P	CC(C)CCCCCCCCCC(=O)NCCOP(O)(=O)OCC(O)CO	InChI=1/C18H38NO7P/c1-16(2)10-8-6-4-3-5-7-9-11-18(22)19-12-13-25-27(23,24)26-15-17(21)14-20/h16-17,20-21H,3-15H2,1-2H3,(H,19,22)(H,23,24)	InChIKey=BMKRWWYUZKYKLX-UHFFFAOYNA-N	411.238589566	[M+Na]+	434.22780956599996
GPNAE(14:0(13Me))	C20H42NO7P	CC(C)CCCCCCCCCCCC(=O)NCCOP(O)(=O)OCC(O)CO	InChI=1/C20H42NO7P/c1-18(2)12-10-8-6-4-3-5-7-9-11-13-20(24)21-14-15-27-29(25,26)28-17-19(23)16-22/h18-19,22-23H,3-17H2,1-2H3,(H,21,24)(H,25,26)	InChIKey=PMKPOAZYICBOSX-UHFFFAOYNA-N	439.269889694	[M+Na]+	462.259109694
GPNAE(16:0(15Me))	C22H46NO7P	CC(C)CCCCCCCCCCCCCC(=O)NCCOP(O)(=O)OCC(O)CO	InChI=1/C22H46NO7P/c1-20(2)14-12-10-8-6-4-3-5-7-9-11-13-15-22(26)23-16-17-29-31(27,28)30-19-21(25)18-24/h20-21,24-25H,3-19H2,1-2H3,(H,23,26)(H,27,28)	InChIKey=CHAQMTHYUKPKNL-UHFFFAOYNA-N	467.301189823	[M+Na]+	490.290409823
GPNAE(18:0(17Me))	C24H50NO7P	CC(C)CCCCCCCCCCCCCCCC(=O)NCCOP(O)(=O)OCC(O)CO	InChI=1/C24H50NO7P/c1-22(2)16-14-12-10-8-6-4-3-5-7-9-11-13-15-17-24(28)25-18-19-31-33(29,30)32-21-23(27)20-26/h22-23,26-27H,3-21H2,1-2H3,(H,25,28)(H,29,30)	InChIKey=DBNKTNVJDGOMNN-UHFFFAOYNA-N	495.332489952	[M+Na]+	518.321709952
GPNAE(20:0(19Me))	C26H54NO7P	CC(C)CCCCCCCCCCCCCCCCCC(=O)NCCOP(O)(=O)OCC(O)CO	InChI=1/C26H54NO7P/c1-24(2)18-16-14-12-10-8-6-4-3-5-7-9-11-13-15-17-19-26(30)27-20-21-33-35(31,32)34-23-25(29)22-28/h24-25,28-29H,3-23H2,1-2H3,(H,27,30)(H,31,32)	InChIKey=KSMROQHVGQDJFJ-UHFFFAOYNA-N	523.363790081	[M+Na]+	546.3530100810001
GPNAE(22:0(21Me))	C28H58NO7P	CC(C)CCCCCCCCCCCCCCCCCCCC(=O)NCCOP(O)(=O)OCC(O)CO	InChI=1/C28H58NO7P/c1-26(2)20-18-16-14-12-10-8-6-4-3-5-7-9-11-13-15-17-19-21-28(32)29-22-23-35-37(33,34)36-25-27(31)24-30/h26-27,30-31H,3-25H2,1-2H3,(H,29,32)(H,33,34)	InChIKey=VBOOHFCTMQJTNQ-UHFFFAOYNA-N	551.39509021	[M+Na]+	574.3843102100001
GPNAE(24:0(23Me))	C30H62NO7P	CC(C)CCCCCCCCCCCCCCCCCCCCCC(=O)NCCOP(O)(=O)OCC(O)CO	InChI=1/C30H62NO7P/c1-28(2)22-20-18-16-14-12-10-8-6-4-3-5-7-9-11-13-15-17-19-21-23-30(34)31-24-25-37-39(35,36)38-27-29(33)26-32/h28-29,32-33H,3-27H2,1-2H3,(H,31,34)(H,35,36)	InChIKey=SOEOUVFZENNIPB-UHFFFAOYNA-N	579.426390338	[M+Na]+	602.4156103380001
GPNAE(26:0(25Me))	C32H66NO7P	CC(C)CCCCCCCCCCCCCCCCCCCCCCCC(=O)NCCOP(O)(=O)OCC(O)CO	InChI=1/C32H66NO7P/c1-30(2)24-22-20-18-16-14-12-10-8-6-4-3-5-7-9-11-13-15-17-19-21-23-25-32(36)33-26-27-39-41(37,38)40-29-31(35)28-34/h30-31,34-35H,3-29H2,1-2H3,(H,33,36)(H,37,38)	InChIKey=QUVKYMDBBUDWJM-UHFFFAOYNA-N	607.457690467	[M+Na]+	630.4469104670001
GPNAE(28:0(27Me))	C34H70NO7P	CC(C)CCCCCCCCCCCCCCCCCCCCCCCCCC(=O)NCCOP(O)(=O)OCC(O)CO	InChI=1/C34H70NO7P/c1-32(2)26-24-22-20-18-16-14-12-10-8-6-4-3-5-7-9-11-13-15-17-19-21-23-25-27-34(38)35-28-29-41-43(39,40)42-31-33(37)30-36/h32-33,36-37H,3-31H2,1-2H3,(H,35,38)(H,39,40)	InChIKey=CZZOIDNKHBKESF-UHFFFAOYNA-N	635.488990596	[M+Na]+	658.478210596
GPNAE(17:1(10Z))	C22H44NO7P	CCCCCC\C=C/CCCCCCCCC(=O)NCCOP(O)(=O)OCC(O)CO	InChI=1/C22H44NO7P/c1-2-3-4-5-6-7-8-9-10-11-12-13-14-15-16-22(26)23-17-18-29-31(27,28)30-20-21(25)19-24/h7-8,21,24-25H,2-6,9-20H2,1H3,(H,23,26)(H,27,28)/b8-7-	InChIKey=XAHXUZXSFHQKRC-FPLPWBNLNA-N	465.285539759	[M+Na]+	488.274759759
GPNAE(19:1(10Z))	C24H48NO7P	CCCCCCCC\C=C/CCCCCCCCC(=O)NCCOP(O)(=O)OCC(O)CO	InChI=1/C24H48NO7P/c1-2-3-4-5-6-7-8-9-10-11-12-13-14-15-16-17-18-24(28)25-19-20-31-33(29,30)32-22-23(27)21-26/h9-10,23,26-27H,2-8,11-22H2,1H3,(H,25,28)(H,29,30)/b10-9-	InChIKey=PKPMQOUJEQZQCM-KTKRTIGZNA-N	493.316839888	[M+Na]+	516.306059888
GPNAE(13:0)	C18H38NO7P	CCCCCCCCCCCCC(=O)NCCOP(O)(=O)OCC(O)CO	InChI=1/C18H38NO7P/c1-2-3-4-5-6-7-8-9-10-11-12-18(22)19-13-14-25-27(23,24)26-16-17(21)15-20/h17,20-21H,2-16H2,1H3,(H,19,22)(H,23,24)	InChIKey=LPEZATOWLCANHI-UHFFFAOYNA-N	411.238589566	[M+Na]+	434.22780956599996
GPNAE(15:0)	C20H42NO7P	CCCCCCCCCCCCCCC(=O)NCCOP(O)(=O)OCC(O)CO	InChI=1/C20H42NO7P/c1-2-3-4-5-6-7-8-9-10-11-12-13-14-20(24)21-15-16-27-29(25,26)28-18-19(23)17-22/h19,22-23H,2-18H2,1H3,(H,21,24)(H,25,26)	InChIKey=XNEBTXFNEPHYNW-UHFFFAOYNA-N	439.269889694	[M+Na]+	462.259109694
GPNAE(17:0)	C22H46NO7P	CCCCCCCCCCCCCCCCC(=O)NCCOP(O)(=O)OCC(O)CO	InChI=1/C22H46NO7P/c1-2-3-4-5-6-7-8-9-10-11-12-13-14-15-16-22(26)23-17-18-29-31(27,28)30-20-21(25)19-24/h21,24-25H,2-20H2,1H3,(H,23,26)(H,27,28)	InChIKey=LDQHIKANILKTOT-UHFFFAOYNA-N	467.301189823	[M+Na]+	490.290409823
GPNAE(19:0)	C24H50NO7P	CCCCCCCCCCCCCCCCCCC(=O)NCCOP(O)(=O)OCC(O)CO	InChI=1/C24H50NO7P/c1-2-3-4-5-6-7-8-9-10-11-12-13-14-15-16-17-18-24(28)25-19-20-31-33(29,30)32-22-23(27)21-26/h23,26-27H,2-22H2,1H3,(H,25,28)(H,29,30)	InChIKey=QYRGKQKQQSLZPG-UHFFFAOYNA-N	495.332489952	[M+Na]+	518.321709952
GPNAE(21:0)	C26H54NO7P	CCCCCCCCCCCCCCCCCCCCC(=O)NCCOP(O)(=O)OCC(O)CO	InChI=1/C26H54NO7P/c1-2-3-4-5-6-7-8-9-10-11-12-13-14-15-16-17-18-19-20-26(30)27-21-22-33-35(31,32)34-24-25(29)23-28/h25,28-29H,2-24H2,1H3,(H,27,30)(H,31,32)	InChIKey=MMNYLGVGBZGHIN-UHFFFAOYNA-N	523.363790081	[M+Na]+	546.3530100810001
GPNAE(23:0)	C28H58NO7P	CCCCCCCCCCCCCCCCCCCCCCC(=O)NCCOP(O)(=O)OCC(O)CO	InChI=1/C28H58NO7P/c1-2-3-4-5-6-7-8-9-10-11-12-13-14-15-16-17-18-19-20-21-22-28(32)29-23-24-35-37(33,34)36-26-27(31)25-30/h27,30-31H,2-26H2,1H3,(H,29,32)(H,33,34)	InChIKey=FBXNFZOTKZHIHF-UHFFFAOYNA-N	551.39509021	[M+Na]+	574.3843102100001
GPNAE(25:0)	C30H62NO7P	CCCCCCCCCCCCCCCCCCCCCCCCC(=O)NCCOP(O)(=O)OCC(O)CO	InChI=1/C30H62NO7P/c1-2-3-4-5-6-7-8-9-10-11-12-13-14-15-16-17-18-19-20-21-22-23-24-30(34)31-25-26-37-39(35,36)38-28-29(33)27-32/h29,32-33H,2-28H2,1H3,(H,31,34)(H,35,36)	InChIKey=UANCKSNNYIDAON-UHFFFAOYNA-N	579.426390338	[M+Na]+	602.4156103380001
GPNAE(27:0)	C32H66NO7P	CCCCCCCCCCCCCCCCCCCCCCCCCCC(=O)NCCOP(O)(=O)OCC(O)CO	InChI=1/C32H66NO7P/c1-2-3-4-5-6-7-8-9-10-11-12-13-14-15-16-17-18-19-20-21-22-23-24-25-26-32(36)33-27-28-39-41(37,38)40-30-31(35)29-34/h31,34-35H,2-30H2,1H3,(H,33,36)(H,37,38)	InChIKey=DTMZFMGEGMGMKB-UHFFFAOYNA-N	607.457690467	[M+Na]+	630.4469104670001
GPNAE(29:0)	C34H70NO7P	CCCCCCCCCCCCCCCCCCCCCCCCCCCCC(=O)NCCOP(O)(=O)OCC(O)CO	InChI=1/C34H70NO7P/c1-2-3-4-5-6-7-8-9-10-11-12-13-14-15-16-17-18-19-20-21-22-23-24-25-26-27-28-34(38)35-29-30-41-43(39,40)42-32-33(37)31-36/h33,36-37H,2-32H2,1H3,(H,35,38)(H,39,40)	InChIKey=RUEIDZGOZRKABS-UHFFFAOYNA-N	635.488990596	[M+Na]+	658.478210596
GPNAE(13:0(12Me,2OH[R]))	C19H40NO8P	CC(C)CCCCCCCCC[C@@H](O)C(=O)NCCOP(O)(=O)OCC(O)CO	InChI=1S/C19H40NO8P/c1-16(2)10-8-6-4-3-5-7-9-11-18(23)19(24)20-12-13-27-29(25,26)28-15-17(22)14-21/h16-18,21-23H,3-15H2,1-2H3,(H,20,24)(H,25,26)/t17?,18-/m1/s1	InChIKey=FRUFYEKGHXYWGQ-QRWMCTBCSA-N	441.24915425	[M+Na]+	464.23837425
GPNAE(15:0(14Me,2OH[R]))	C21H44NO8P	CC(C)CCCCCCCCCCC[C@@H](O)C(=O)NCCOP(O)(=O)OCC(O)CO	InChI=1S/C21H44NO8P/c1-18(2)12-10-8-6-4-3-5-7-9-11-13-20(25)21(26)22-14-15-29-31(27,28)30-17-19(24)16-23/h18-20,23-25H,3-17H2,1-2H3,(H,22,26)(H,27,28)/t19?,20-/m1/s1	InChIKey=PTMNOQCBHOMMHL-GFOWMXPYSA-N	469.280454379	[M+Na]+	492.269674379
GPNAE(17:0(16Me,2OH[R]))	C23H48NO8P	CC(C)CCCCCCCCCCCCC[C@@H](O)C(=O)NCCOP(O)(=O)OCC(O)CO	InChI=1S/C23H48NO8P/c1-20(2)14-12-10-8-6-4-3-5-7-9-11-13-15-22(27)23(28)24-16-17-31-33(29,30)32-19-21(26)18-25/h20-22,25-27H,3-19H2,1-2H3,(H,24,28)(H,29,30)/t21?,22-/m1/s1	InChIKey=XFAXUTHVRUHNBB-FOIFJWKZSA-N	497.311754508	[M+Na]+	520.300974508
GPNAE(19:0(18Me,2OH[R]))	C25H52NO8P	CC(C)CCCCCCCCCCCCCCC[C@@H](O)C(=O)NCCOP(O)(=O)OCC(O)CO	InChI=1S/C25H52NO8P/c1-22(2)16-14-12-10-8-6-4-3-5-7-9-11-13-15-17-24(29)25(30)26-18-19-33-35(31,32)34-21-23(28)20-27/h22-24,27-29H,3-21H2,1-2H3,(H,26,30)(H,31,32)/t23?,24-/m1/s1	InChIKey=ONWQLQBZCRDMPB-XMMISQBUSA-N	525.343054636	[M+Na]+	548.3322746360001
GPNAE(21:0(20Me,2OH[R]))	C27H56NO8P	CC(C)CCCCCCCCCCCCCCCCC[C@@H](O)C(=O)NCCOP(O)(=O)OCC(O)CO	InChI=1S/C27H56NO8P/c1-24(2)18-16-14-12-10-8-6-4-3-5-7-9-11-13-15-17-19-26(31)27(32)28-20-21-35-37(33,34)36-23-25(30)22-29/h24-26,29-31H,3-23H2,1-2H3,(H,28,32)(H,33,34)/t25?,26-/m1/s1	InChIKey=ZUQKCPPIOMLNMV-FXDYGKIASA-N	553.374354765	[M+Na]+	576.3635747650001
GPNAE(23:0(22Me,2OH[R]))	C29H60NO8P	CC(C)CCCCCCCCCCCCCCCCCCC[C@@H](O)C(=O)NCCOP(O)(=O)OCC(O)CO	InChI=1S/C29H60NO8P/c1-26(2)20-18-16-14-12-10-8-6-4-3-5-7-9-11-13-15-17-19-21-28(33)29(34)30-22-23-37-39(35,36)38-25-27(32)24-31/h26-28,31-33H,3-25H2,1-2H3,(H,30,34)(H,35,36)/t27?,28-/m1/s1	InChIKey=NYVKTGUZZCEQQS-PLYLYKGUSA-N	581.405654894	[M+Na]+	604.394874894
GPNAE(25:0(24Me,2OH[R]))	C31H64NO8P	CC(C)CCCCCCCCCCCCCCCCCCCCC[C@@H](O)C(=O)NCCOP(O)(=O)OCC(O)CO	InChI=1S/C31H64NO8P/c1-28(2)22-20-18-16-14-12-10-8-6-4-3-5-7-9-11-13-15-17-19-21-23-30(35)31(36)32-24-25-39-41(37,38)40-27-29(34)26-33/h28-30,33-35H,3-27H2,1-2H3,(H,32,36)(H,37,38)/t29?,30-/m1/s1	InChIKey=FNQNAGQGRFATCQ-BDCODIICSA-N	609.436955023	[M+Na]+	632.426175023
GPNAE(27:0(26Me,2OH[R]))	C33H68NO8P	CC(C)CCCCCCCCCCCCCCCCCCCCCCC[C@@H](O)C(=O)NCCOP(O)(=O)OCC(O)CO	InChI=1S/C33H68NO8P/c1-30(2)24-22-20-18-16-14-12-10-8-6-4-3-5-7-9-11-13-15-17-19-21-23-25-32(37)33(38)34-26-27-41-43(39,40)42-29-31(36)28-35/h30-32,35-37H,3-29H2,1-2H3,(H,34,38)(H,39,40)/t31?,32-/m1/s1	InChIKey=SRUKAQOQTKALTL-IADGFXSZSA-N	637.468255152	[M+Na]+	660.457475152
GPNAE(29:0(28Me,2OH[R]))	C35H72NO8P	CC(C)CCCCCCCCCCCCCCCCCCCCCCCCC[C@@H](O)C(=O)NCCOP(O)(=O)OCC(O)CO	InChI=1S/C35H72NO8P/c1-32(2)26-24-22-20-18-16-14-12-10-8-6-4-3-5-7-9-11-13-15-17-19-21-23-25-27-34(39)35(40)36-28-29-43-45(41,42)44-31-33(38)30-37/h32-34,37-39H,3-31H2,1-2H3,(H,36,40)(H,41,42)/t33?,34-/m1/s1	InChIKey=ZVYYBPFVRNVYEH-MUADHRSZSA-N	665.49955528	[M+Na]+	688.48877528
GPNAE(12:0(2OH[R]))	C17H36NO8P	CCCCCCCCCC[C@@H](O)C(=O)NCCOP(O)(=O)OCC(O)CO	InChI=1S/C17H36NO8P/c1-2-3-4-5-6-7-8-9-10-16(21)17(22)18-11-12-25-27(23,24)26-14-15(20)13-19/h15-16,19-21H,2-14H2,1H3,(H,18,22)(H,23,24)/t15?,16-/m1/s1	InChIKey=KBTUUFXUENQCDN-OEMAIJDKSA-N	413.217854121	[M+Na]+	436.207074121
GPNAE(14:0(2OH[R]))	C19H40NO8P	CCCCCCCCCCCC[C@@H](O)C(=O)NCCOP(O)(=O)OCC(O)CO	InChI=1S/C19H40NO8P/c1-2-3-4-5-6-7-8-9-10-11-12-18(23)19(24)20-13-14-27-29(25,26)28-16-17(22)15-21/h17-18,21-23H,2-16H2,1H3,(H,20,24)(H,25,26)/t17?,18-/m1/s1	InChIKey=XEDAILOKVZTBMI-QRWMCTBCSA-N	441.24915425	[M+Na]+	464.23837425
GPNAE(16:0(2OH[R]))	C21H44NO8P	CCCCCCCCCCCCCC[C@@H](O)C(=O)NCCOP(O)(=O)OCC(O)CO	InChI=1S/C21H44NO8P/c1-2-3-4-5-6-7-8-9-10-11-12-13-14-20(25)21(26)22-15-16-29-31(27,28)30-18-19(24)17-23/h19-20,23-25H,2-18H2,1H3,(H,22,26)(H,27,28)/t19?,20-/m1/s1	InChIKey=WQHJAJSETYOHKX-GFOWMXPYSA-N	469.280454379	[M+Na]+	492.269674379
GPNAE(18:0(2OH[R]))	C23H48NO8P	CCCCCCCCCCCCCCCC[C@@H](O)C(=O)NCCOP(O)(=O)OCC(O)CO	InChI=1S/C23H48NO8P/c1-2-3-4-5-6-7-8-9-10-11-12-13-14-15-16-22(27)23(28)24-17-18-31-33(29,30)32-20-21(26)19-25/h21-22,25-27H,2-20H2,1H3,(H,24,28)(H,29,30)/t21?,22-/m1/s1	InChIKey=RCEDWIAPJRIIEG-FOIFJWKZSA-N	497.311754508	[M+Na]+	520.300974508
GPNAE(20:0(2OH[R]))	C25H52NO8P	CCCCCCCCCCCCCCCCCC[C@@H](O)C(=O)NCCOP(O)(=O)OCC(O)CO	InChI=1S/C25H52NO8P/c1-2-3-4-5-6-7-8-9-10-11-12-13-14-15-16-17-18-24(29)25(30)26-19-20-33-35(31,32)34-22-23(28)21-27/h23-24,27-29H,2-22H2,1H3,(H,26,30)(H,31,32)/t23?,24-/m1/s1	InChIKey=XIOYXZRNVWYSIV-XMMISQBUSA-N	525.343054636	[M+Na]+	548.3322746360001
GPNAE(22:0(2OH[R]))	C27H56NO8P	CCCCCCCCCCCCCCCCCCCC[C@@H](O)C(=O)NCCOP(O)(=O)OCC(O)CO	InChI=1S/C27H56NO8P/c1-2-3-4-5-6-7-8-9-10-11-12-13-14-15-16-17-18-19-20-26(31)27(32)28-21-22-35-37(33,34)36-24-25(30)23-29/h25-26,29-31H,2-24H2,1H3,(H,28,32)(H,33,34)/t25?,26-/m1/s1	InChIKey=NWSSTKAOOHUCFR-FXDYGKIASA-N	553.374354765	[M+Na]+	576.3635747650001
GPNAE(24:0(2OH[R]))	C29H60NO8P	CCCCCCCCCCCCCCCCCCCCCC[C@@H](O)C(=O)NCCOP(O)(=O)OCC(O)CO	InChI=1S/C29H60NO8P/c1-2-3-4-5-6-7-8-9-10-11-12-13-14-15-16-17-18-19-20-21-22-28(33)29(34)30-23-24-37-39(35,36)38-26-27(32)25-31/h27-28,31-33H,2-26H2,1H3,(H,30,34)(H,35,36)/t27?,28-/m1/s1	InChIKey=PMQUZJVCRUGLDB-PLYLYKGUSA-N	581.405654894	[M+Na]+	604.394874894
GPNAE(26:0(2OH[R]))	C31H64NO8P	CCCCCCCCCCCCCCCCCCCCCCCC[C@@H](O)C(=O)NCCOP(O)(=O)OCC(O)CO	InChI=1S/C31H64NO8P/c1-2-3-4-5-6-7-8-9-10-11-12-13-14-15-16-17-18-19-20-21-22-23-24-30(35)31(36)32-25-26-39-41(37,38)40-28-29(34)27-33/h29-30,33-35H,2-28H2,1H3,(H,32,36)(H,37,38)/t29?,30-/m1/s1	InChIKey=IFPATRALXBKQDW-BDCODIICSA-N	609.436955023	[M+Na]+	632.426175023
GPNAE(28:0(2OH[R]))	C33H68NO8P	CCCCCCCCCCCCCCCCCCCCCCCCCC[C@@H](O)C(=O)NCCOP(O)(=O)OCC(O)CO	InChI=1S/C33H68NO8P/c1-2-3-4-5-6-7-8-9-10-11-12-13-14-15-16-17-18-19-20-21-22-23-24-25-26-32(37)33(38)34-27-28-41-43(39,40)42-30-31(36)29-35/h31-32,35-37H,2-30H2,1H3,(H,34,38)(H,39,40)/t31?,32-/m1/s1	InChIKey=PUAWHKFKGBRELE-IADGFXSZSA-N	637.468255152	[M+Na]+	660.457475152
GPNAE(30:0(2OH[R]))	C35H72NO8P	CCCCCCCCCCCCCCCCCCCCCCCCCCCC[C@@H](O)C(=O)NCCOP(O)(=O)OCC(O)CO	InChI=1S/C35H72NO8P/c1-2-3-4-5-6-7-8-9-10-11-12-13-14-15-16-17-18-19-20-21-22-23-24-25-26-27-28-34(39)35(40)36-29-30-43-45(41,42)44-32-33(38)31-37/h33-34,37-39H,2-32H2,1H3,(H,36,40)(H,41,42)/t33?,34-/m1/s1	InChIKey=XTEYFQKHHLYHLG-MUADHRSZSA-N	665.49955528	[M+Na]+	688.48877528
GPNAE(12:0(11Me,2OH[R]))	C18H38NO8P	CC(C)CCCCCCCC[C@@H](O)C(=O)NCCOP(O)(=O)OCC(O)CO	InChI=1S/C18H38NO8P/c1-15(2)9-7-5-3-4-6-8-10-17(22)18(23)19-11-12-26-28(24,25)27-14-16(21)13-20/h15-17,20-22H,3-14H2,1-2H3,(H,19,23)(H,24,25)/t16?,17-/m1/s1	InChIKey=MNDFGLJAVQKOGO-ZYMOGRSISA-N	427.233504186	[M+Na]+	450.222724186
GPNAE(14:0(13Me,2OH[R]))	C20H42NO8P	CC(C)CCCCCCCCCC[C@@H](O)C(=O)NCCOP(O)(=O)OCC(O)CO	InChI=1S/C20H42NO8P/c1-17(2)11-9-7-5-3-4-6-8-10-12-19(24)20(25)21-13-14-28-30(26,27)29-16-18(23)15-22/h17-19,22-24H,3-16H2,1-2H3,(H,21,25)(H,26,27)/t18?,19-/m1/s1	InChIKey=HXMSIIQANLXHGE-MUMRKEEXSA-N	455.264804314	[M+Na]+	478.254024314
GPNAE(16:0(15Me,2OH[R]))	C22H46NO8P	CC(C)CCCCCCCCCCCC[C@@H](O)C(=O)NCCOP(O)(=O)OCC(O)CO	InChI=1S/C22H46NO8P/c1-19(2)13-11-9-7-5-3-4-6-8-10-12-14-21(26)22(27)23-15-16-30-32(28,29)31-18-20(25)17-24/h19-21,24-26H,3-18H2,1-2H3,(H,23,27)(H,28,29)/t20?,21-/m1/s1	InChIKey=MLUNDYJMOOGFDP-BPGUCPLFSA-N	483.296104443	[M+Na]+	506.285324443
GPNAE(18:0(17Me,2OH[R]))	C24H50NO8P	CC(C)CCCCCCCCCCCCCC[C@@H](O)C(=O)NCCOP(O)(=O)OCC(O)CO	InChI=1S/C24H50NO8P/c1-21(2)15-13-11-9-7-5-3-4-6-8-10-12-14-16-23(28)24(29)25-17-18-32-34(30,31)33-20-22(27)19-26/h21-23,26-28H,3-20H2,1-2H3,(H,25,29)(H,30,31)/t22?,23-/m1/s1	InChIKey=DGDSHOZTBOBHCJ-OZAIVSQSSA-N	511.327404572	[M+Na]+	534.316624572
GPNAE(20:0(19Me,2OH[R]))	C26H54NO8P	CC(C)CCCCCCCCCCCCCCCC[C@@H](O)C(=O)NCCOP(O)(=O)OCC(O)CO	InChI=1S/C26H54NO8P/c1-23(2)17-15-13-11-9-7-5-3-4-6-8-10-12-14-16-18-25(30)26(31)27-19-20-34-36(32,33)35-22-24(29)21-28/h23-25,28-30H,3-22H2,1-2H3,(H,27,31)(H,32,33)/t24?,25-/m1/s1	InChIKey=OIZDOISDKCCSMY-WUBHUQEYSA-N	539.358704701	[M+Na]+	562.347924701
GPNAE(22:0(21Me,2OH[R]))	C28H58NO8P	CC(C)CCCCCCCCCCCCCCCCCC[C@@H](O)C(=O)NCCOP(O)(=O)OCC(O)CO	InChI=1S/C28H58NO8P/c1-25(2)19-17-15-13-11-9-7-5-3-4-6-8-10-12-14-16-18-20-27(32)28(33)29-21-22-36-38(34,35)37-24-26(31)23-30/h25-27,30-32H,3-24H2,1-2H3,(H,29,33)(H,34,35)/t26?,27-/m1/s1	InChIKey=DEAUZEUJTLXAIF-SSYAZFEXSA-N	567.39000483	[M+Na]+	590.37922483
GPNAE(24:0(23Me,2OH[R]))	C30H62NO8P	CC(C)CCCCCCCCCCCCCCCCCCCC[C@@H](O)C(=O)NCCOP(O)(=O)OCC(O)CO	InChI=1S/C30H62NO8P/c1-27(2)21-19-17-15-13-11-9-7-5-3-4-6-8-10-12-14-16-18-20-22-29(34)30(35)31-23-24-38-40(36,37)39-26-28(33)25-32/h27-29,32-34H,3-26H2,1-2H3,(H,31,35)(H,36,37)/t28?,29-/m1/s1	InChIKey=JVHSJQDUDKYEJC-YPJJGMIRSA-N	595.421304958	[M+Na]+	618.410524958
GPNAE(26:0(25Me,2OH[R]))	C32H66NO8P	CC(C)CCCCCCCCCCCCCCCCCCCCCC[C@@H](O)C(=O)NCCOP(O)(=O)OCC(O)CO	InChI=1S/C32H66NO8P/c1-29(2)23-21-19-17-15-13-11-9-7-5-3-4-6-8-10-12-14-16-18-20-22-24-31(36)32(37)33-25-26-40-42(38,39)41-28-30(35)27-34/h29-31,34-36H,3-28H2,1-2H3,(H,33,37)(H,38,39)/t30?,31-/m1/s1	InChIKey=FHSGFHAFKITNQZ-NLIBRCFJSA-N	623.452605087	[M+Na]+	646.4418250870001
GPNAE(28:0(27Me,2OH[R]))	C34H70NO8P	CC(C)CCCCCCCCCCCCCCCCCCCCCCCC[C@@H](O)C(=O)NCCOP(O)(=O)OCC(O)CO	InChI=1S/C34H70NO8P/c1-31(2)25-23-21-19-17-15-13-11-9-7-5-3-4-6-8-10-12-14-16-18-20-22-24-26-33(38)34(39)35-27-28-42-44(40,41)43-30-32(37)29-36/h31-33,36-38H,3-30H2,1-2H3,(H,35,39)(H,40,41)/t32?,33-/m1/s1	InChIKey=QIGKDTGPQHQDMB-ZHZZGXISSA-N	651.483905216	[M+Na]+	674.4731252160001
GPNAE(13:0(2OH[R]))	C18H38NO8P	CCCCCCCCCCC[C@@H](O)C(=O)NCCOP(O)(=O)OCC(O)CO	InChI=1S/C18H38NO8P/c1-2-3-4-5-6-7-8-9-10-11-17(22)18(23)19-12-13-26-28(24,25)27-15-16(21)14-20/h16-17,20-22H,2-15H2,1H3,(H,19,23)(H,24,25)/t16?,17-/m1/s1	InChIKey=RITCDFVIUOCXTJ-ZYMOGRSISA-N	427.233504186	[M+Na]+	450.222724186
GPNAE(15:0(2OH[R]))	C20H42NO8P	CCCCCCCCCCCCC[C@@H](O)C(=O)NCCOP(O)(=O)OCC(O)CO	InChI=1S/C20H42NO8P/c1-2-3-4-5-6-7-8-9-10-11-12-13-19(24)20(25)21-14-15-28-30(26,27)29-17-18(23)16-22/h18-19,22-24H,2-17H2,1H3,(H,21,25)(H,26,27)/t18?,19-/m1/s1	InChIKey=SIFLYUONSIWIMG-MUMRKEEXSA-N	455.264804314	[M+Na]+	478.254024314
GPNAE(17:0(2OH[R]))	C22H46NO8P	CCCCCCCCCCCCCCC[C@@H](O)C(=O)NCCOP(O)(=O)OCC(O)CO	InChI=1S/C22H46NO8P/c1-2-3-4-5-6-7-8-9-10-11-12-13-14-15-21(26)22(27)23-16-17-30-32(28,29)31-19-20(25)18-24/h20-21,24-26H,2-19H2,1H3,(H,23,27)(H,28,29)/t20?,21-/m1/s1	InChIKey=HFIREOKUTFCKSB-BPGUCPLFSA-N	483.296104443	[M+Na]+	506.285324443
GPNAE(19:0(2OH[R]))	C24H50NO8P	CCCCCCCCCCCCCCCCC[C@@H](O)C(=O)NCCOP(O)(=O)OCC(O)CO	InChI=1S/C24H50NO8P/c1-2-3-4-5-6-7-8-9-10-11-12-13-14-15-16-17-23(28)24(29)25-18-19-32-34(30,31)33-21-22(27)20-26/h22-23,26-28H,2-21H2,1H3,(H,25,29)(H,30,31)/t22?,23-/m1/s1	InChIKey=YIYSQFZCIHJRNI-OZAIVSQSSA-N	511.327404572	[M+Na]+	534.316624572
GPNAE(21:0(2OH[R]))	C26H54NO8P	CCCCCCCCCCCCCCCCCCC[C@@H](O)C(=O)NCCOP(O)(=O)OCC(O)CO	InChI=1S/C26H54NO8P/c1-2-3-4-5-6-7-8-9-10-11-12-13-14-15-16-17-18-19-25(30)26(31)27-20-21-34-36(32,33)35-23-24(29)22-28/h24-25,28-30H,2-23H2,1H3,(H,27,31)(H,32,33)/t24?,25-/m1/s1	InChIKey=RZXQATPRHIJOGJ-WUBHUQEYSA-N	539.358704701	[M+Na]+	562.347924701
GPNAE(23:0(2OH[R]))	C28H58NO8P	CCCCCCCCCCCCCCCCCCCCC[C@@H](O)C(=O)NCCOP(O)(=O)OCC(O)CO	InChI=1S/C28H58NO8P/c1-2-3-4-5-6-7-8-9-10-11-12-13-14-15-16-17-18-19-20-21-27(32)28(33)29-22-23-36-38(34,35)37-25-26(31)24-30/h26-27,30-32H,2-25H2,1H3,(H,29,33)(H,34,35)/t26?,27-/m1/s1	InChIKey=MOWYMXCQCCJIJM-SSYAZFEXSA-N	567.39000483	[M+Na]+	590.37922483
GPNAE(25:0(2OH[R]))	C30H62NO8P	CCCCCCCCCCCCCCCCCCCCCCC[C@@H](O)C(=O)NCCOP(O)(=O)OCC(O)CO	InChI=1S/C30H62NO8P/c1-2-3-4-5-6-7-8-9-10-11-12-13-14-15-16-17-18-19-20-21-22-23-29(34)30(35)31-24-25-38-40(36,37)39-27-28(33)26-32/h28-29,32-34H,2-27H2,1H3,(H,31,35)(H,36,37)/t28?,29-/m1/s1	InChIKey=MYSJSJOVPLSVHI-YPJJGMIRSA-N	595.421304958	[M+Na]+	618.410524958
GPNAE(27:0(2OH[R]))	C32H66NO8P	CCCCCCCCCCCCCCCCCCCCCCCCC[C@@H](O)C(=O)NCCOP(O)(=O)OCC(O)CO	InChI=1S/C32H66NO8P/c1-2-3-4-5-6-7-8-9-10-11-12-13-14-15-16-17-18-19-20-21-22-23-24-25-31(36)32(37)33-26-27-40-42(38,39)41-29-30(35)28-34/h30-31,34-36H,2-29H2,1H3,(H,33,37)(H,38,39)/t30?,31-/m1/s1	InChIKey=LIWUIPOBRHTURI-NLIBRCFJSA-N	623.452605087	[M+Na]+	646.4418250870001
GPNAE(29:0(2OH[R]))	C34H70NO8P	CCCCCCCCCCCCCCCCCCCCCCCCCCC[C@@H](O)C(=O)NCCOP(O)(=O)OCC(O)CO	InChI=1S/C34H70NO8P/c1-2-3-4-5-6-7-8-9-10-11-12-13-14-15-16-17-18-19-20-21-22-23-24-25-26-27-33(38)34(39)35-28-29-42-44(40,41)43-31-32(37)30-36/h32-33,36-38H,2-31H2,1H3,(H,35,39)(H,40,41)/t32?,33-/m1/s1	InChIKey=UKSNDPNQZSHZHG-ZHZZGXISSA-N	651.483905216	[M+Na]+	674.4731252160001
